2026-09-02 08:34:24,431 [ERROR] app.config: Erreur lors de la connexion à la base de données wedding-app-db : Les tables suivantes sont manquantes dans la base de données wedding-app-db: guests
2026-09-02 08:34:30,362 [ERROR] config: Erreur lors de la connexion à la base de données wedding-app-db : Les tables suivantes sont manquantes dans la base de données wedding-app-db: guests
2026-09-02 08:37:08,119 [INFO] httpx: HTTP Request: POST http://testserver/invite/tok-1/questionnaire "HTTP/1.1 303 See Other"
2026-09-02 08:37:29,083 [INFO] httpx: HTTP Request: GET http://testserver/invite/anything/confidentialite "HTTP/1.1 200 OK"
2026-09-02 08:54:46,614 [INFO] httpx: HTTP Request: GET http://testserver/organisateur/dashboard "HTTP/1.1 200 OK"
2026-09-02 09:05:29,761 [INFO] httpx: HTTP Request: GET http://testserver/organisateur/dashboard "HTTP/1.1 200 OK"
2026-09-02 10:04:19,480 [INFO] app.reset: app/static/qrcodes\5d6199-qrcode.png a bien été supprimé
2026-09-02 10:04:19,486 [INFO] app.reset: app/static/qrcodes\753d5f-qrcode.png a bien été supprimé
2026-09-02 10:04:19,491 [INFO] app.reset: app/static/qrcodes\914654-qrcode.png a bien été supprimé
2026-09-02 10:04:19,496 [INFO] app.reset: app/static/qrcodes\9d21c9-qrcode.png a bien été supprimé
2026-09-02 10:04:19,502 [INFO] app.reset: app/static/qrcodes\f5ecb2-qrcode.png a bien été supprimé
2026-09-02 18:10:08,105 [INFO] httpx: HTTP Request: GET http://testserver/organisateur/ajouter-invit%C3%A9 "HTTP/1.1 200 OK"
2026-09-02 18:10:08,173 [INFO] httpx: HTTP Request: POST http://testserver/organisateur/ajouter-invit%C3%A9 "HTTP/1.1 303 See Other"
2026-09-23 17:25:15,939 [ERROR] __main__: Erreur lors de la connexion à la base de données wedding-app-db : (psycopg2.errors.UniqueViolation) duplicate key value violates unique constraint "detailled_planing_pkey"
DETAIL:  Key (moment)=(Arrivée des invités à la mairie) already exists.

[SQL: INSERT INTO public.detailled_planing (done, heure, moment, responsable, notes) VALUES (%(done)s, %(heure)s, %(moment)s, %(responsable)s, %(notes)s)]
[parameters: {'done': 0, 'heure': '10:40', 'moment': 'Arrivée des invités à la mairie', 'responsable': 'Accueil', 'notes': None}]
(Background on this error at: https://sqlalche.me/e/20/gkpj)
2026-09-23 17:25:16,010 [ERROR] __main__: Erreur lors de la connexion à la base de données wedding-app-db : (psycopg2.errors.UniqueViolation) duplicate key value violates unique constraint "detailled_planing_pkey"
DETAIL:  Key (moment)=(Début du mariage civil) already exists.

[SQL: INSERT INTO public.detailled_planing (done, heure, moment, responsable, notes) VALUES (%(done)s, %(heure)s, %(moment)s, %(responsable)s, %(notes)s)]
[parameters: {'done': 0, 'heure': '11:00', 'moment': 'Début du mariage civil', 'responsable': '---', 'notes': None}]
(Background on this error at: https://sqlalche.me/e/20/gkpj)
2026-09-23 17:25:16,075 [ERROR] __main__: Erreur lors de la connexion à la base de données wedding-app-db : (psycopg2.errors.UniqueViolation) duplicate key value violates unique constraint "detailled_planing_pkey"
DETAIL:  Key (moment)=(Séance photo avec les invités) already exists.

[SQL: INSERT INTO public.detailled_planing (done, heure, moment, responsable, notes) VALUES (%(done)s, %(heure)s, %(moment)s, %(responsable)s, %(notes)s)]
[parameters: {'done': 0, 'heure': '11h30', 'moment': 'Séance photo avec les invités', 'responsable': '----', 'notes': None}]
(Background on this error at: https://sqlalche.me/e/20/gkpj)
2026-09-23 17:25:16,138 [ERROR] __main__: Erreur lors de la connexion à la base de données wedding-app-db : (psycopg2.errors.UniqueViolation) duplicate key value violates unique constraint "detailled_planing_pkey"
DETAIL:  Key (moment)=(Séance photo des mariés uniquement) already exists.

[SQL: INSERT INTO public.detailled_planing (done, heure, moment, responsable, notes) VALUES (%(done)s, %(heure)s, %(moment)s, %(responsable)s, %(notes)s)]
[parameters: {'done': 0, 'heure': '12h00', 'moment': 'Séance photo des mariés uniquement', 'responsable': '----', 'notes': None}]
(Background on this error at: https://sqlalche.me/e/20/gkpj)
2026-09-23 17:25:16,202 [ERROR] __main__: Erreur lors de la connexion à la base de données wedding-app-db : (psycopg2.errors.UniqueViolation) duplicate key value violates unique constraint "detailled_planing_pkey"
DETAIL:  Key (moment)=(Mise en beauté des mariés) already exists.

[SQL: INSERT INTO public.detailled_planing (done, heure, moment, responsable, notes) VALUES (%(done)s, %(heure)s, %(moment)s, %(responsable)s, %(notes)s)]
[parameters: {'done': 0, 'heure': '13h00', 'moment': 'Mise en beauté des mariés', 'responsable': '----', 'notes': None}]
(Background on this error at: https://sqlalche.me/e/20/gkpj)
2026-09-23 17:25:16,267 [ERROR] __main__: Erreur lors de la connexion à la base de données wedding-app-db : (psycopg2.errors.UniqueViolation) duplicate key value violates unique constraint "detailled_planing_pkey"
DETAIL:  Key (moment)=(Cocktail de bienvenue) already exists.

[SQL: INSERT INTO public.detailled_planing (done, heure, moment, responsable, notes) VALUES (%(done)s, %(heure)s, %(moment)s, %(responsable)s, %(notes)s)]
[parameters: {'done': 0, 'heure': '14h30', 'moment': 'Cocktail de bienvenue', 'responsable': 'Accueil', 'notes': None}]
(Background on this error at: https://sqlalche.me/e/20/gkpj)
2026-09-23 17:25:16,332 [ERROR] __main__: Erreur lors de la connexion à la base de données wedding-app-db : (psycopg2.errors.UniqueViolation) duplicate key value violates unique constraint "detailled_planing_pkey"
DETAIL:  Key (moment)=(Installation des invités et de la chorale) already exists.

[SQL: INSERT INTO public.detailled_planing (done, heure, moment, responsable, notes) VALUES (%(done)s, %(heure)s, %(moment)s, %(responsable)s, %(notes)s)]
[parameters: {'done': 0, 'heure': '14h55', 'moment': 'Installation des invités et de la chorale', 'responsable': 'Accueil', 'notes': None}]
(Background on this error at: https://sqlalche.me/e/20/gkpj)
2026-09-23 17:25:16,394 [ERROR] __main__: Erreur lors de la connexion à la base de données wedding-app-db : (psycopg2.errors.UniqueViolation) duplicate key value violates unique constraint "detailled_planing_pkey"
DETAIL:  Key (moment)=(Première prestation chorale) already exists.

[SQL: INSERT INTO public.detailled_planing (done, heure, moment, responsable, notes) VALUES (%(done)s, %(heure)s, %(moment)s, %(responsable)s, %(notes)s)]
[parameters: {'done': 0, 'heure': '15h00', 'moment': 'Première prestation chorale', 'responsable': 'Chorale', 'notes': None}]
(Background on this error at: https://sqlalche.me/e/20/gkpj)
2026-09-23 17:25:16,471 [ERROR] __main__: Erreur lors de la connexion à la base de données wedding-app-db : (psycopg2.errors.UniqueViolation) duplicate key value violates unique constraint "detailled_planing_pkey"
DETAIL:  Key (moment)=(Prière d'ouverture) already exists.

[SQL: INSERT INTO public.detailled_planing (done, heure, moment, responsable, notes) VALUES (%(done)s, %(heure)s, %(moment)s, %(responsable)s, %(notes)s)]
[parameters: {'done': 0, 'heure': '15h25', 'moment': "Prière d'ouverture", 'responsable': 'Christian LAWARD', 'notes': None}]
(Background on this error at: https://sqlalche.me/e/20/gkpj)
2026-09-23 17:25:16,535 [ERROR] __main__: Erreur lors de la connexion à la base de données wedding-app-db : (psycopg2.errors.UniqueViolation) duplicate key value violates unique constraint "detailled_planing_pkey"
DETAIL:  Key (moment)=(Entrée du marié) already exists.

[SQL: INSERT INTO public.detailled_planing (done, heure, moment, responsable, notes) VALUES (%(done)s, %(heure)s, %(moment)s, %(responsable)s, %(notes)s)]
[parameters: {'done': 0, 'heure': '15h30', 'moment': 'Entrée du marié', 'responsable': '----', 'notes': None}]
(Background on this error at: https://sqlalche.me/e/20/gkpj)
2026-09-23 17:25:16,597 [ERROR] __main__: Erreur lors de la connexion à la base de données wedding-app-db : (psycopg2.errors.UniqueViolation) duplicate key value violates unique constraint "detailled_planing_pkey"
DETAIL:  Key (moment)=(Entrée de la mariée) already exists.

[SQL: INSERT INTO public.detailled_planing (done, heure, moment, responsable, notes) VALUES (%(done)s, %(heure)s, %(moment)s, %(responsable)s, %(notes)s)]
[parameters: {'done': 0, 'heure': '15h40', 'moment': 'Entrée de la mariée', 'responsable': '----', 'notes': None}]
(Background on this error at: https://sqlalche.me/e/20/gkpj)
2026-09-23 17:25:16,661 [ERROR] __main__: Erreur lors de la connexion à la base de données wedding-app-db : (psycopg2.errors.UniqueViolation) duplicate key value violates unique constraint "detailled_planing_pkey"
DETAIL:  Key (moment)=(Prédication) already exists.

[SQL: INSERT INTO public.detailled_planing (done, heure, moment, responsable, notes) VALUES (%(done)s, %(heure)s, %(moment)s, %(responsable)s, %(notes)s)]
[parameters: {'done': 0, 'heure': '15h50', 'moment': 'Prédication', 'responsable': 'Pasteur FRANCIS BOWENGE', 'notes': None}]
(Background on this error at: https://sqlalche.me/e/20/gkpj)
2026-09-23 17:25:16,726 [ERROR] __main__: Erreur lors de la connexion à la base de données wedding-app-db : (psycopg2.errors.UniqueViolation) duplicate key value violates unique constraint "detailled_planing_pkey"
DETAIL:  Key (moment)=(Discours et échange des alliances) already exists.

[SQL: INSERT INTO public.detailled_planing (done, heure, moment, responsable, notes) VALUES (%(done)s, %(heure)s, %(moment)s, %(responsable)s, %(notes)s)]
[parameters: {'done': 0, 'heure': '16h30', 'moment': 'Discours et échange des alliances', 'responsable': 'Pasteur FRANCIS BOWENGE', 'notes': None}]
(Background on this error at: https://sqlalche.me/e/20/gkpj)
2026-09-23 17:25:16,787 [ERROR] __main__: Erreur lors de la connexion à la base de données wedding-app-db : (psycopg2.errors.UniqueViolation) duplicate key value violates unique constraint "detailled_planing_pkey"
DETAIL:  Key (moment)=(Deuxième prestation de la chorale) already exists.

[SQL: INSERT INTO public.detailled_planing (done, heure, moment, responsable, notes) VALUES (%(done)s, %(heure)s, %(moment)s, %(responsable)s, %(notes)s)]
[parameters: {'done': 0, 'heure': '16h45', 'moment': 'Deuxième prestation de la chorale', 'responsable': 'Chorale', 'notes': None}]
(Background on this error at: https://sqlalche.me/e/20/gkpj)
2026-09-23 17:25:16,856 [ERROR] __main__: Erreur lors de la connexion à la base de données wedding-app-db : (psycopg2.errors.UniqueViolation) duplicate key value violates unique constraint "detailled_planing_pkey"
DETAIL:  Key (moment)=(Ouverture du vin d'honneur) already exists.

[SQL: INSERT INTO public.detailled_planing (done, heure, moment, responsable, notes) VALUES (%(done)s, %(heure)s, %(moment)s, %(responsable)s, %(notes)s)]
[parameters: {'done': 0, 'heure': '17h00', 'moment': "Ouverture du vin d'honneur", 'responsable': 'Les Mariés', 'notes': None}]
(Background on this error at: https://sqlalche.me/e/20/gkpj)
2026-09-23 17:25:16,924 [ERROR] __main__: Erreur lors de la connexion à la base de données wedding-app-db : (psycopg2.errors.UniqueViolation) duplicate key value violates unique constraint "detailled_planing_pkey"
DETAIL:  Key (moment)=(Discours des mariés) already exists.

[SQL: INSERT INTO public.detailled_planing (done, heure, moment, responsable, notes) VALUES (%(done)s, %(heure)s, %(moment)s, %(responsable)s, %(notes)s)]
[parameters: {'done': 0, 'heure': '17h15', 'moment': 'Discours des mariés', 'responsable': 'Les Mariés', 'notes': None}]
(Background on this error at: https://sqlalche.me/e/20/gkpj)
2026-09-23 17:26:01,545 [ERROR] __main__: Erreur lors de la connexion à la base de données wedding-app-db : (psycopg2.errors.UniqueViolation) duplicate key value violates unique constraint "detailled_planing_pkey"
DETAIL:  Key (moment)=(Arrivée des invités à la mairie) already exists.

[SQL: INSERT INTO public.detailled_planing (done, heure, moment, responsable, notes) VALUES (%(done)s, %(heure)s, %(moment)s, %(responsable)s, %(notes)s)]
[parameters: {'done': 0, 'heure': '10:40', 'moment': 'Arrivée des invités à la mairie', 'responsable': 'Accueil', 'notes': None}]
(Background on this error at: https://sqlalche.me/e/20/gkpj)
2026-09-23 17:26:01,608 [ERROR] __main__: Erreur lors de la connexion à la base de données wedding-app-db : (psycopg2.errors.UniqueViolation) duplicate key value violates unique constraint "detailled_planing_pkey"
DETAIL:  Key (moment)=(Début du mariage civil) already exists.

[SQL: INSERT INTO public.detailled_planing (done, heure, moment, responsable, notes) VALUES (%(done)s, %(heure)s, %(moment)s, %(responsable)s, %(notes)s)]
[parameters: {'done': 0, 'heure': '11:00', 'moment': 'Début du mariage civil', 'responsable': '---', 'notes': None}]
(Background on this error at: https://sqlalche.me/e/20/gkpj)
2026-09-23 17:26:01,672 [ERROR] __main__: Erreur lors de la connexion à la base de données wedding-app-db : (psycopg2.errors.UniqueViolation) duplicate key value violates unique constraint "detailled_planing_pkey"
DETAIL:  Key (moment)=(Séance photo avec les invités) already exists.

[SQL: INSERT INTO public.detailled_planing (done, heure, moment, responsable, notes) VALUES (%(done)s, %(heure)s, %(moment)s, %(responsable)s, %(notes)s)]
[parameters: {'done': 0, 'heure': '11h30', 'moment': 'Séance photo avec les invités', 'responsable': '----', 'notes': None}]
(Background on this error at: https://sqlalche.me/e/20/gkpj)
2026-09-23 17:26:01,735 [ERROR] __main__: Erreur lors de la connexion à la base de données wedding-app-db : (psycopg2.errors.UniqueViolation) duplicate key value violates unique constraint "detailled_planing_pkey"
DETAIL:  Key (moment)=(Séance photo des mariés uniquement) already exists.

[SQL: INSERT INTO public.detailled_planing (done, heure, moment, responsable, notes) VALUES (%(done)s, %(heure)s, %(moment)s, %(responsable)s, %(notes)s)]
[parameters: {'done': 0, 'heure': '12h00', 'moment': 'Séance photo des mariés uniquement', 'responsable': '----', 'notes': None}]
(Background on this error at: https://sqlalche.me/e/20/gkpj)
2026-09-23 17:26:01,796 [ERROR] __main__: Erreur lors de la connexion à la base de données wedding-app-db : (psycopg2.errors.UniqueViolation) duplicate key value violates unique constraint "detailled_planing_pkey"
DETAIL:  Key (moment)=(Mise en beauté des mariés) already exists.

[SQL: INSERT INTO public.detailled_planing (done, heure, moment, responsable, notes) VALUES (%(done)s, %(heure)s, %(moment)s, %(responsable)s, %(notes)s)]
[parameters: {'done': 0, 'heure': '13h00', 'moment': 'Mise en beauté des mariés', 'responsable': '----', 'notes': None}]
(Background on this error at: https://sqlalche.me/e/20/gkpj)
2026-09-23 17:26:01,858 [ERROR] __main__: Erreur lors de la connexion à la base de données wedding-app-db : (psycopg2.errors.UniqueViolation) duplicate key value violates unique constraint "detailled_planing_pkey"
DETAIL:  Key (moment)=(Cocktail de bienvenue) already exists.

[SQL: INSERT INTO public.detailled_planing (done, heure, moment, responsable, notes) VALUES (%(done)s, %(heure)s, %(moment)s, %(responsable)s, %(notes)s)]
[parameters: {'done': 0, 'heure': '14h30', 'moment': 'Cocktail de bienvenue', 'responsable': 'Accueil', 'notes': None}]
(Background on this error at: https://sqlalche.me/e/20/gkpj)
2026-09-23 17:26:01,920 [ERROR] __main__: Erreur lors de la connexion à la base de données wedding-app-db : (psycopg2.errors.UniqueViolation) duplicate key value violates unique constraint "detailled_planing_pkey"
DETAIL:  Key (moment)=(Installation des invités et de la chorale) already exists.

[SQL: INSERT INTO public.detailled_planing (done, heure, moment, responsable, notes) VALUES (%(done)s, %(heure)s, %(moment)s, %(responsable)s, %(notes)s)]
[parameters: {'done': 0, 'heure': '14h55', 'moment': 'Installation des invités et de la chorale', 'responsable': 'Accueil', 'notes': None}]
(Background on this error at: https://sqlalche.me/e/20/gkpj)
2026-09-23 17:26:01,982 [ERROR] __main__: Erreur lors de la connexion à la base de données wedding-app-db : (psycopg2.errors.UniqueViolation) duplicate key value violates unique constraint "detailled_planing_pkey"
DETAIL:  Key (moment)=(Première prestation chorale) already exists.

[SQL: INSERT INTO public.detailled_planing (done, heure, moment, responsable, notes) VALUES (%(done)s, %(heure)s, %(moment)s, %(responsable)s, %(notes)s)]
[parameters: {'done': 0, 'heure': '15h00', 'moment': 'Première prestation chorale', 'responsable': 'Chorale', 'notes': None}]
(Background on this error at: https://sqlalche.me/e/20/gkpj)
2026-09-23 17:26:02,047 [ERROR] __main__: Erreur lors de la connexion à la base de données wedding-app-db : (psycopg2.errors.UniqueViolation) duplicate key value violates unique constraint "detailled_planing_pkey"
DETAIL:  Key (moment)=(Prière d'ouverture) already exists.

[SQL: INSERT INTO public.detailled_planing (done, heure, moment, responsable, notes) VALUES (%(done)s, %(heure)s, %(moment)s, %(responsable)s, %(notes)s)]
[parameters: {'done': 0, 'heure': '15h25', 'moment': "Prière d'ouverture", 'responsable': 'Christian LAWARD', 'notes': None}]
(Background on this error at: https://sqlalche.me/e/20/gkpj)
2026-09-23 17:26:02,110 [ERROR] __main__: Erreur lors de la connexion à la base de données wedding-app-db : (psycopg2.errors.UniqueViolation) duplicate key value violates unique constraint "detailled_planing_pkey"
DETAIL:  Key (moment)=(Entrée du marié) already exists.

[SQL: INSERT INTO public.detailled_planing (done, heure, moment, responsable, notes) VALUES (%(done)s, %(heure)s, %(moment)s, %(responsable)s, %(notes)s)]
[parameters: {'done': 0, 'heure': '15h30', 'moment': 'Entrée du marié', 'responsable': '----', 'notes': None}]
(Background on this error at: https://sqlalche.me/e/20/gkpj)
2026-09-23 17:26:02,170 [ERROR] __main__: Erreur lors de la connexion à la base de données wedding-app-db : (psycopg2.errors.UniqueViolation) duplicate key value violates unique constraint "detailled_planing_pkey"
DETAIL:  Key (moment)=(Entrée de la mariée) already exists.

[SQL: INSERT INTO public.detailled_planing (done, heure, moment, responsable, notes) VALUES (%(done)s, %(heure)s, %(moment)s, %(responsable)s, %(notes)s)]
[parameters: {'done': 0, 'heure': '15h40', 'moment': 'Entrée de la mariée', 'responsable': '----', 'notes': None}]
(Background on this error at: https://sqlalche.me/e/20/gkpj)
2026-09-23 17:26:02,235 [ERROR] __main__: Erreur lors de la connexion à la base de données wedding-app-db : (psycopg2.errors.UniqueViolation) duplicate key value violates unique constraint "detailled_planing_pkey"
DETAIL:  Key (moment)=(Prédication) already exists.

[SQL: INSERT INTO public.detailled_planing (done, heure, moment, responsable, notes) VALUES (%(done)s, %(heure)s, %(moment)s, %(responsable)s, %(notes)s)]
[parameters: {'done': 0, 'heure': '15h50', 'moment': 'Prédication', 'responsable': 'Pasteur FRANCIS BOWENGE', 'notes': None}]
(Background on this error at: https://sqlalche.me/e/20/gkpj)
2026-09-23 17:26:02,303 [ERROR] __main__: Erreur lors de la connexion à la base de données wedding-app-db : (psycopg2.errors.UniqueViolation) duplicate key value violates unique constraint "detailled_planing_pkey"
DETAIL:  Key (moment)=(Discours et échange des alliances) already exists.

[SQL: INSERT INTO public.detailled_planing (done, heure, moment, responsable, notes) VALUES (%(done)s, %(heure)s, %(moment)s, %(responsable)s, %(notes)s)]
[parameters: {'done': 0, 'heure': '16h30', 'moment': 'Discours et échange des alliances', 'responsable': 'Pasteur FRANCIS BOWENGE', 'notes': None}]
(Background on this error at: https://sqlalche.me/e/20/gkpj)
2026-09-23 17:26:02,369 [ERROR] __main__: Erreur lors de la connexion à la base de données wedding-app-db : (psycopg2.errors.UniqueViolation) duplicate key value violates unique constraint "detailled_planing_pkey"
DETAIL:  Key (moment)=(Deuxième prestation de la chorale) already exists.

[SQL: INSERT INTO public.detailled_planing (done, heure, moment, responsable, notes) VALUES (%(done)s, %(heure)s, %(moment)s, %(responsable)s, %(notes)s)]
[parameters: {'done': 0, 'heure': '16h45', 'moment': 'Deuxième prestation de la chorale', 'responsable': 'Chorale', 'notes': None}]
(Background on this error at: https://sqlalche.me/e/20/gkpj)
2026-09-23 17:26:02,436 [ERROR] __main__: Erreur lors de la connexion à la base de données wedding-app-db : (psycopg2.errors.UniqueViolation) duplicate key value violates unique constraint "detailled_planing_pkey"
DETAIL:  Key (moment)=(Ouverture du vin d'honneur) already exists.

[SQL: INSERT INTO public.detailled_planing (done, heure, moment, responsable, notes) VALUES (%(done)s, %(heure)s, %(moment)s, %(responsable)s, %(notes)s)]
[parameters: {'done': 0, 'heure': '17h00', 'moment': "Ouverture du vin d'honneur", 'responsable': 'Les Mariés', 'notes': None}]
(Background on this error at: https://sqlalche.me/e/20/gkpj)
2026-09-23 17:26:02,506 [ERROR] __main__: Erreur lors de la connexion à la base de données wedding-app-db : (psycopg2.errors.UniqueViolation) duplicate key value violates unique constraint "detailled_planing_pkey"
DETAIL:  Key (moment)=(Discours des mariés) already exists.

[SQL: INSERT INTO public.detailled_planing (done, heure, moment, responsable, notes) VALUES (%(done)s, %(heure)s, %(moment)s, %(responsable)s, %(notes)s)]
[parameters: {'done': 0, 'heure': '17h15', 'moment': 'Discours des mariés', 'responsable': 'Les Mariés', 'notes': None}]
(Background on this error at: https://sqlalche.me/e/20/gkpj)
2026-09-23 17:26:02,576 [ERROR] __main__: Erreur lors de la connexion à la base de données wedding-app-db : (psycopg2.errors.UniqueViolation) duplicate key value violates unique constraint "detailled_planing_pkey"
DETAIL:  Key (moment)=(Séances photos avec les mariés) already exists.

[SQL: INSERT INTO public.detailled_planing (done, heure, moment, responsable, notes) VALUES (%(done)s, %(heure)s, %(moment)s, %(responsable)s, %(notes)s)]
[parameters: {'done': 0, 'heure': '18h00', 'moment': 'Séances photos avec les mariés', 'responsable': 'Protocole', 'notes': None}]
(Background on this error at: https://sqlalche.me/e/20/gkpj)
2026-09-23 17:26:02,641 [ERROR] __main__: Erreur lors de la connexion à la base de données wedding-app-db : (psycopg2.errors.UniqueViolation) duplicate key value violates unique constraint "detailled_planing_pkey"
DETAIL:  Key (moment)=(Séances photos des mariés uniquement) already exists.

[SQL: INSERT INTO public.detailled_planing (done, heure, moment, responsable, notes) VALUES (%(done)s, %(heure)s, %(moment)s, %(responsable)s, %(notes)s)]
[parameters: {'done': 0, 'heure': '18h15', 'moment': 'Séances photos des mariés uniquement', 'responsable': '----', 'notes': None}]
(Background on this error at: https://sqlalche.me/e/20/gkpj)
2026-09-23 17:26:02,705 [ERROR] __main__: Erreur lors de la connexion à la base de données wedding-app-db : (psycopg2.errors.UniqueViolation) duplicate key value violates unique constraint "detailled_planing_pkey"
DETAIL:  Key (moment)=(Aniversaire et logistique) already exists.

[SQL: INSERT INTO public.detailled_planing (done, heure, moment, responsable, notes) VALUES (%(done)s, %(heure)s, %(moment)s, %(responsable)s, %(notes)s)]
[parameters: {'done': 0, 'heure': '18h30', 'moment': 'Aniversaire et logistique', 'responsable': 'Decoration', 'notes': None}]
(Background on this error at: https://sqlalche.me/e/20/gkpj)
2026-09-23 17:26:02,774 [ERROR] __main__: Erreur lors de la connexion à la base de données wedding-app-db : (psycopg2.errors.UniqueViolation) duplicate key value violates unique constraint "detailled_planing_pkey"
DETAIL:  Key (moment)=(Installation des invités à la soirée) already exists.

[SQL: INSERT INTO public.detailled_planing (done, heure, moment, responsable, notes) VALUES (%(done)s, %(heure)s, %(moment)s, %(responsable)s, %(notes)s)]
[parameters: {'done': 0, 'heure': '18h50', 'moment': 'Installation des invités à la soirée', 'responsable': 'Accueil', 'notes': None}]
(Background on this error at: https://sqlalche.me/e/20/gkpj)
2026-09-23 19:11:16,042 [ERROR] app.database: Erreur lors de la connexion à la base de données wedding-app-db : asdict() should be called on dataclass instances
2026-09-23 19:14:16,389 [ERROR] app.database: Erreur lors de la connexion à la base de données wedding-app-db : asdict() should be called on dataclass instances
2026-09-23 19:14:49,951 [ERROR] app.database: Erreur lors de la connexion à la base de données wedding-app-db : asdict() should be called on dataclass instances
2026-09-23 19:19:27,029 [ERROR] app.database: Erreur lors de la connexion à la base de données wedding-app-db : (psycopg2.errors.UniqueViolation) duplicate key value violates unique constraint "detailled_planing_pkey"
DETAIL:  Key (moment)=(test) already exists.

[SQL: INSERT INTO public.detailed_planning (done, heure, moment, responsable, notes) VALUES (%(done)s, %(heure)s, %(moment)s, %(responsable)s, %(notes)s)]
[parameters: {'done': 0, 'heure': '08:00', 'moment': 'test', 'responsable': 'xx', 'notes': 'xx'}]
(Background on this error at: https://sqlalche.me/e/20/gkpj)
2026-09-24 19:44:02,154 [ERROR] app.database: Erreur lors de la connexion à la base de données wedding-app-db : (psycopg2.errors.UndefinedFunction) operator does not exist: character varying = text[]
LINE 1: ...','','',''] WHERE public.detailed_planning.moment = ARRAY['A...
                                                             ^
HINT:  No operator matches the given name and argument types. You might need to add explicit type casts.

[SQL: UPDATE public.detailed_planning SET done=%(done)s, heure=%(heure)s, responsable=%(responsable)s, notes=%(notes)s WHERE public.detailed_planning.moment = %(moment_1)s]
[parameters: {'done': 0, 'heure': ['10:40', '11:00', '11:30', '12:00', '13:00', '14:30', '14:55', '15:00', '15:25', '15:30', '15:40', '15:50', '16:30', '16:45', '17:00', '17:15', '18:00', '18:15', '18:30', '18:50', '19:00', '19:05', '19:15', '19:45', '20:15', '20:30', '21:00', '21:20', '21:40', '22:00'], 'responsable': ['Accueil', '', '', '', '', 'Accueil', 'Accueil', 'Chorale', 'Christian LAWARD', '', '', 'Pasteur FRANCIS BOWENGE', 'Pasteur FRANCIS BOWENGE', 'Choral ... (42 characters truncated) ... ', '', 'Decoration', 'Accueil', 'MC', 'MC', 'Maman LOMBI', 'MC', 'MC', 'MC', 'Simplice NSASI', 'MC; William Takam', 'MC; William Takam', 'Les mariés'], 'notes': ['xx', '', '', '', '', '', '', '', '', '', '', '', '', '', '', '', '', '', '', '', '', '', '', '', '', '', '', '', '', ''], 'moment_1': ['Arrivée des invités à la mairie', 'Début du mariage civil', 'Séance photo avec les invités', 'Séance photo des mariés uniquement', 'Mise en beauté d ... (617 characters truncated) ... tés', 'Animation musicale live, Cadeaux aux mariés', 'Un tour au Continent', "Un tour en terre d'Ebrunie", 'Lancer du bouquet et cadeaux aux invités']}]
(Background on this error at: https://sqlalche.me/e/20/f405)
2026-09-24 19:44:09,267 [ERROR] app.database: Erreur lors de la connexion à la base de données wedding-app-db : (psycopg2.errors.UndefinedFunction) operator does not exist: character varying = text[]
LINE 1: ...','','',''] WHERE public.detailed_planning.moment = ARRAY['A...
                                                             ^
HINT:  No operator matches the given name and argument types. You might need to add explicit type casts.

[SQL: UPDATE public.detailed_planning SET done=%(done)s, heure=%(heure)s, responsable=%(responsable)s, notes=%(notes)s WHERE public.detailed_planning.moment = %(moment_1)s]
[parameters: {'done': 0, 'heure': ['10:40', '11:00', '11:30', '12:00', '13:00', '14:30', '14:55', '15:00', '15:25', '15:30', '15:40', '15:50', '16:30', '16:45', '17:00', '17:15', '18:00', '18:15', '18:30', '18:50', '19:00', '19:05', '19:15', '19:45', '20:15', '20:30', '21:00', '21:20', '21:40', '22:00'], 'responsable': ['Accueil', '', '', '', '', 'Accueil', 'Accueil', 'Chorale', 'Christian LAWARD', '', '', 'Pasteur FRANCIS BOWENGE', 'Pasteur FRANCIS BOWENGE', 'Choral ... (42 characters truncated) ... ', '', 'Decoration', 'Accueil', 'MC', 'MC', 'Maman LOMBI', 'MC', 'MC', 'MC', 'Simplice NSASI', 'MC; William Takam', 'MC; William Takam', 'Les mariés'], 'notes': ['xx', '', '', '', '', '', '', '', '', '', '', '', '', '', '', '', '', '', '', '', '', '', '', '', '', '', '', '', '', ''], 'moment_1': ['Arrivée des invités à la mairie', 'Début du mariage civil', 'Séance photo avec les invités', 'Séance photo des mariés uniquement', 'Mise en beauté d ... (617 characters truncated) ... tés', 'Animation musicale live, Cadeaux aux mariés', 'Un tour au Continent', "Un tour en terre d'Ebrunie", 'Lancer du bouquet et cadeaux aux invités']}]
(Background on this error at: https://sqlalche.me/e/20/f405)
2026-09-24 19:52:43,252 [ERROR] asyncio: Task exception was never retrieved
future: <Task finished name='Task-1' coro=<Server.serve() done, defined at C:\Users\Yann-Harold NGUESSAN\Documents\wed-organizer\.venv\Lib\site-packages\uvicorn\server.py:67> exception=KeyboardInterrupt()>
Traceback (most recent call last):
  File "C:\Users\Yann-Harold NGUESSAN\AppData\Local\Programs\Python\Python311\Lib\asyncio\runners.py", line 190, in run
    return runner.run(main)
           ^^^^^^^^^^^^^^^^
  File "C:\Users\Yann-Harold NGUESSAN\AppData\Local\Programs\Python\Python311\Lib\asyncio\runners.py", line 118, in run
    return self._loop.run_until_complete(task)
           ^^^^^^^^^^^^^^^^^^^^^^^^^^^^^^^^^^^
  File "C:\Users\Yann-Harold NGUESSAN\AppData\Local\Programs\Python\Python311\Lib\asyncio\base_events.py", line 640, in run_until_complete
    self.run_forever()
  File "C:\Users\Yann-Harold NGUESSAN\AppData\Local\Programs\Python\Python311\Lib\asyncio\base_events.py", line 607, in run_forever
    self._run_once()
  File "C:\Users\Yann-Harold NGUESSAN\AppData\Local\Programs\Python\Python311\Lib\asyncio\base_events.py", line 1922, in _run_once
    handle._run()
  File "C:\Users\Yann-Harold NGUESSAN\AppData\Local\Programs\Python\Python311\Lib\asyncio\events.py", line 80, in _run
    self._context.run(self._callback, *self._args)
  File "C:\Users\Yann-Harold NGUESSAN\Documents\wed-organizer\.venv\Lib\site-packages\uvicorn\server.py", line 68, in serve
    with self.capture_signals():
  File "C:\Users\Yann-Harold NGUESSAN\AppData\Local\Programs\Python\Python311\Lib\contextlib.py", line 144, in __exit__
    next(self.gen)
  File "C:\Users\Yann-Harold NGUESSAN\Documents\wed-organizer\.venv\Lib\site-packages\uvicorn\server.py", line 328, in capture_signals
    signal.raise_signal(captured_signal)
  File "C:\Users\Yann-Harold NGUESSAN\AppData\Local\Programs\Python\Python311\Lib\asyncio\runners.py", line 157, in _on_sigint
    raise KeyboardInterrupt()
KeyboardInterrupt
2026-09-24 19:52:43,264 [ERROR] asyncio: Task was destroyed but it is pending!
task: <Task cancelling name='Task-2' coro=<LifespanOn.main() running at C:\Users\Yann-Harold NGUESSAN\Documents\wed-organizer\.venv\Lib\site-packages\uvicorn\lifespan\on.py:86> wait_for=<Future cancelled> cb=[gather.<locals>._done_callback() at C:\Users\Yann-Harold NGUESSAN\AppData\Local\Programs\Python\Python311\Lib\asyncio\tasks.py:754]>
2026-09-25 16:19:04,788 [ERROR] app.mailer: [échec envoi email via l'API Brevo] À : yannhrld@gmail.com
(401)
Reason: Unauthorized
HTTP response headers: HTTPHeaderDict({'Date': 'Fri, 25 Sep 2026 14:19:04 GMT', 'Content-Type': 'application/json', 'Content-Length': '260', 'Connection': 'keep-alive', 'access-control-allow-credentials': 'true', 'sib-request-id': '40c3d8ce-50ba-901b-986c-8231f717bf98', 'access-control-allow-origin': '*', 'access-control-allow-headers': '*', 'access-control-allow-methods': 'PUT, POST, GET, DELETE, PATCH, OPTIONS', 'x-envoy-upstream-service-time': '6', 'server': 'cloudflare', 'cf-cache-status': 'DYNAMIC', 'Cf-Apo-Via': 'origin,noget', 'CF-RAY': 'a40aa96a5f84fe97-AMS'})
HTTP response body: {"message":"We have detected you are using an unrecognised IP address 2a02:8428:44d9:4a01:a9ca:6fb0:bec3:a199. If you performed this action make sure to add the new IP address in this link: https://app.brevo.com/security/authorised_ips","code":"unauthorized"}


2026-10-01 18:07:32,802 [INFO] httpx: HTTP Request: GET http://testserver/ "HTTP/1.1 200 OK"
2026-10-01 18:19:22,846 [INFO] httpx: HTTP Request: GET http://testserver/ "HTTP/1.1 200 OK"
2026-10-01 18:19:22,880 [INFO] httpx: HTTP Request: GET http://testserver/organisateur/login "HTTP/1.1 200 OK"
2026-10-01 18:19:22,899 [INFO] httpx: HTTP Request: GET http://testserver/organizer/login "HTTP/1.1 404 Not Found"
2026-10-01 19:09:03,382 [INFO] httpx: HTTP Request: GET http://testserver/organisateur/info-pratiques "HTTP/1.1 200 OK"
2026-10-01 19:09:30,128 [INFO] httpx: HTTP Request: GET http://testserver/organisateur/info-pratiques "HTTP/1.1 200 OK"
2026-10-01 19:17:53,447 [INFO] httpx: HTTP Request: GET http://testserver/organisateur/info-pratiques "HTTP/1.1 200 OK"
2026-10-01 19:17:54,241 [INFO] httpx: HTTP Request: POST http://testserver/organisateur/info-pratiques/discours "HTTP/1.1 303 See Other"
2026-10-01 19:17:54,453 [INFO] httpx: HTTP Request: POST http://testserver/organisateur/info-pratiques/discours "HTTP/1.1 303 See Other"
2026-10-01 19:17:55,103 [INFO] httpx: HTTP Request: GET http://testserver/organisateur/info-pratiques#discours "HTTP/1.1 200 OK"
2026-10-01 19:17:55,745 [INFO] httpx: HTTP Request: GET http://testserver/organisateur/info-pratiques "HTTP/1.1 200 OK"
2026-10-01 19:17:56,045 [INFO] httpx: HTTP Request: POST http://testserver/organisateur/info-pratiques/discours "HTTP/1.1 303 See Other"
2026-10-01 19:17:56,669 [INFO] httpx: HTTP Request: GET http://testserver/organisateur/info-pratiques#discours "HTTP/1.1 200 OK"
2026-10-01 19:17:57,494 [INFO] httpx: HTTP Request: GET http://testserver/organisateur/info-pratiques "HTTP/1.1 200 OK"
2026-10-01 19:30:57,103 [INFO] httpx: HTTP Request: GET http://testserver/organisateur/info-pratiques "HTTP/1.1 200 OK"
2026-10-01 19:30:57,467 [INFO] httpx: HTTP Request: POST http://testserver/organisateur/info-pratiques/discours "HTTP/1.1 303 See Other"
2026-10-01 19:30:58,162 [INFO] httpx: HTTP Request: GET http://testserver/organisateur/info-pratiques#discours "HTTP/1.1 200 OK"
2026-10-01 19:30:58,388 [INFO] httpx: HTTP Request: POST http://testserver/organisateur/info-pratiques/discours "HTTP/1.1 303 See Other"
2026-10-01 19:30:59,348 [INFO] httpx: HTTP Request: GET http://testserver/organisateur/info-pratiques#discours "HTTP/1.1 200 OK"
2026-10-01 19:31:00,122 [INFO] httpx: HTTP Request: GET http://testserver/organisateur/info-pratiques "HTTP/1.1 200 OK"
2026-10-01 19:31:00,469 [INFO] httpx: HTTP Request: POST http://testserver/organisateur/info-pratiques/discours "HTTP/1.1 303 See Other"
2026-10-01 19:31:01,335 [INFO] httpx: HTTP Request: GET http://testserver/organisateur/info-pratiques#discours "HTTP/1.1 200 OK"
2026-10-01 19:31:02,203 [INFO] httpx: HTTP Request: GET http://testserver/organisateur/info-pratiques "HTTP/1.1 200 OK"
2026-10-01 19:36:32,654 [INFO] httpx: HTTP Request: POST http://testserver/organisateur/info-pratiques/discours "HTTP/1.1 303 See Other"
2026-10-01 19:36:32,849 [INFO] httpx: HTTP Request: POST http://testserver/organisateur/info-pratiques/discours "HTTP/1.1 303 See Other"
2026-10-01 19:36:33,045 [INFO] httpx: HTTP Request: POST http://testserver/organisateur/info-pratiques/discours "HTTP/1.1 303 See Other"
2026-10-01 19:36:33,245 [INFO] httpx: HTTP Request: POST http://testserver/organisateur/info-pratiques/discours "HTTP/1.1 303 See Other"
2026-10-01 19:36:33,840 [INFO] httpx: HTTP Request: GET http://testserver/organisateur/info-pratiques?moment=Soir%C3%A9e&categorie=T%C3%A9moins&orateurs=Amen+SOLONGBE&orateurs=Anastasie+NTONGONO "HTTP/1.1 200 OK"
2026-10-01 19:36:34,094 [INFO] httpx: HTTP Request: POST http://testserver/organisateur/info-pratiques/discours "HTTP/1.1 303 See Other"
2026-10-01 19:36:34,676 [INFO] httpx: HTTP Request: GET http://testserver/organisateur/info-pratiques "HTTP/1.1 200 OK"
2026-10-01 19:36:34,941 [INFO] httpx: HTTP Request: POST http://testserver/organisateur/info-pratiques/discours "HTTP/1.1 303 See Other"
2026-10-01 19:36:35,523 [INFO] httpx: HTTP Request: GET http://testserver/organisateur/info-pratiques?moment=&categorie=#discours "HTTP/1.1 200 OK"
2026-10-01 19:36:36,098 [INFO] httpx: HTTP Request: GET http://testserver/organisateur/info-pratiques "HTTP/1.1 200 OK"
2026-10-01 19:40:00,537 [INFO] httpx: HTTP Request: POST http://127.0.0.1/organisateur/info-pratiques/discours "HTTP/1.1 303 See Other"
2026-10-01 19:40:01,151 [INFO] httpx: HTTP Request: GET http://127.0.0.1/organisateur/info-pratiques "HTTP/1.1 200 OK"
2026-10-01 19:40:53,635 [INFO] httpx: HTTP Request: POST http://testserver/organisateur/info-pratiques/discours "HTTP/1.1 303 See Other"
2026-10-01 19:40:54,246 [INFO] httpx: HTTP Request: GET http://testserver/organisateur/info-pratiques#discours "HTTP/1.1 200 OK"
2026-10-01 19:40:54,831 [INFO] httpx: HTTP Request: GET http://testserver/organisateur/info-pratiques "HTTP/1.1 200 OK"
2026-10-01 19:40:55,097 [INFO] httpx: HTTP Request: POST http://testserver/organisateur/info-pratiques/discours "HTTP/1.1 303 See Other"
2026-10-01 19:40:55,687 [INFO] httpx: HTTP Request: GET http://testserver/organisateur/info-pratiques?moment=&categorie=#discours "HTTP/1.1 200 OK"
2026-10-01 19:40:56,398 [INFO] httpx: HTTP Request: GET http://testserver/organisateur/info-pratiques "HTTP/1.1 200 OK"
2026-10-01 19:40:56,659 [INFO] httpx: HTTP Request: POST http://testserver/organisateur/info-pratiques/discours "HTTP/1.1 303 See Other"
2026-10-01 19:40:57,230 [INFO] httpx: HTTP Request: GET http://testserver/organisateur/info-pratiques?moment=&categorie=#discours "HTTP/1.1 200 OK"
2026-10-01 19:40:57,898 [INFO] httpx: HTTP Request: GET http://testserver/organisateur/info-pratiques "HTTP/1.1 200 OK"
2026-10-01 19:40:58,216 [INFO] httpx: HTTP Request: POST http://testserver/organisateur/info-pratiques/discours "HTTP/1.1 303 See Other"
2026-10-01 19:40:58,911 [INFO] httpx: HTTP Request: GET http://testserver/organisateur/info-pratiques?moment=&categorie=#discours "HTTP/1.1 200 OK"
2026-10-01 19:40:59,523 [INFO] httpx: HTTP Request: GET http://testserver/organisateur/info-pratiques "HTTP/1.1 200 OK"
2026-10-01 19:40:59,860 [INFO] httpx: HTTP Request: POST http://testserver/organisateur/info-pratiques/discours "HTTP/1.1 303 See Other"
2026-10-01 19:41:00,561 [INFO] httpx: HTTP Request: GET http://testserver/organisateur/info-pratiques?moment=&categorie=#discours "HTTP/1.1 200 OK"
2026-10-01 19:41:01,435 [INFO] httpx: HTTP Request: GET http://testserver/organisateur/info-pratiques "HTTP/1.1 200 OK"
2026-10-01 19:50:04,259 [INFO] httpx: HTTP Request: GET http://testserver/organisateur/info-pratiques "HTTP/1.1 200 OK"
2026-10-01 19:50:04,482 [INFO] httpx: HTTP Request: POST http://testserver/organisateur/info-pratiques/invites/photos "HTTP/1.1 303 See Other"
2026-10-01 19:50:05,232 [INFO] httpx: HTTP Request: GET http://testserver/organisateur/info-pratiques?photos_choix=B%C3%A9n%C3%A9diction&photos_categorie=TEST&photos_personnes=Abi+MENGUE "HTTP/1.1 200 OK"
2026-10-01 19:50:05,503 [INFO] httpx: HTTP Request: POST http://testserver/organisateur/info-pratiques/invites/photos "HTTP/1.1 303 See Other"
2026-10-01 19:50:06,326 [INFO] httpx: HTTP Request: GET http://testserver/organisateur/info-pratiques#photos "HTTP/1.1 200 OK"
2026-10-01 19:50:07,362 [INFO] httpx: HTTP Request: GET http://testserver/organisateur/info-pratiques "HTTP/1.1 200 OK"
2026-10-01 19:50:07,808 [INFO] httpx: HTTP Request: POST http://testserver/organisateur/info-pratiques/invites/photos "HTTP/1.1 303 See Other"
2026-10-01 19:50:09,004 [INFO] httpx: HTTP Request: GET http://testserver/organisateur/info-pratiques?photos_choix=&photos_categorie=#photos "HTTP/1.1 200 OK"
2026-10-01 19:50:09,468 [INFO] httpx: HTTP Request: POST http://testserver/organisateur/info-pratiques/invites/photos "HTTP/1.1 303 See Other"
2026-10-01 19:50:10,573 [INFO] httpx: HTTP Request: GET http://testserver/organisateur/info-pratiques?photos_choix=&photos_categorie=#photos "HTTP/1.1 200 OK"
2026-10-01 19:50:11,448 [INFO] httpx: HTTP Request: GET http://testserver/organisateur/info-pratiques "HTTP/1.1 200 OK"
2026-10-01 19:50:11,736 [INFO] httpx: HTTP Request: POST http://testserver/organisateur/info-pratiques/invites/photos "HTTP/1.1 303 See Other"
2026-10-01 19:50:12,572 [INFO] httpx: HTTP Request: GET http://testserver/organisateur/info-pratiques?photos_choix=&photos_categorie=#photos "HTTP/1.1 200 OK"
2026-10-01 19:50:13,478 [INFO] httpx: HTTP Request: GET http://testserver/organisateur/info-pratiques "HTTP/1.1 200 OK"
2026-10-01 19:50:13,711 [INFO] httpx: HTTP Request: POST http://testserver/organisateur/info-pratiques/invites/discours "HTTP/1.1 303 See Other"
2026-10-01 19:50:15,158 [INFO] httpx: HTTP Request: GET http://testserver/organisateur/info-pratiques?discours_choix=B%C3%A9n%C3%A9diction&discours_categorie=TEST&discours_personnes=Abi+MENGUE "HTTP/1.1 200 OK"
2026-10-01 19:50:15,523 [INFO] httpx: HTTP Request: POST http://testserver/organisateur/info-pratiques/invites/discours "HTTP/1.1 303 See Other"
2026-10-01 19:50:16,378 [INFO] httpx: HTTP Request: GET http://testserver/organisateur/info-pratiques#discours "HTTP/1.1 200 OK"
2026-10-01 19:50:17,114 [INFO] httpx: HTTP Request: GET http://testserver/organisateur/info-pratiques "HTTP/1.1 200 OK"
2026-10-01 19:50:17,398 [INFO] httpx: HTTP Request: POST http://testserver/organisateur/info-pratiques/invites/discours "HTTP/1.1 303 See Other"
2026-10-01 19:50:18,092 [INFO] httpx: HTTP Request: GET http://testserver/organisateur/info-pratiques?discours_choix=&discours_categorie=#discours "HTTP/1.1 200 OK"
2026-10-01 19:50:18,339 [INFO] httpx: HTTP Request: POST http://testserver/organisateur/info-pratiques/invites/discours "HTTP/1.1 303 See Other"
2026-10-01 19:50:19,031 [INFO] httpx: HTTP Request: GET http://testserver/organisateur/info-pratiques?discours_choix=&discours_categorie=#discours "HTTP/1.1 200 OK"
2026-10-01 19:50:19,716 [INFO] httpx: HTTP Request: GET http://testserver/organisateur/info-pratiques "HTTP/1.1 200 OK"
2026-10-01 19:50:19,998 [INFO] httpx: HTTP Request: POST http://testserver/organisateur/info-pratiques/invites/discours "HTTP/1.1 303 See Other"
2026-10-01 19:50:20,753 [INFO] httpx: HTTP Request: GET http://testserver/organisateur/info-pratiques?discours_choix=&discours_categorie=#discours "HTTP/1.1 200 OK"
2026-10-01 19:50:21,581 [INFO] httpx: HTTP Request: GET http://testserver/organisateur/info-pratiques "HTTP/1.1 200 OK"
2026-10-01 19:50:21,592 [INFO] httpx: HTTP Request: POST http://testserver/organisateur/info-pratiques/invites/xxx "HTTP/1.1 404 Not Found"
2026-10-07 20:54:49,175 [INFO] httpx: HTTP Request: GET http://testserver/organisateur/animation/quiz "HTTP/1.1 200 OK"
2026-10-07 20:54:49,188 [INFO] httpx: HTTP Request: GET http://testserver/organisateur/animation/quiz/lancer "HTTP/1.1 200 OK"
2026-10-07 20:54:49,194 [INFO] httpx: HTTP Request: POST http://testserver/organisateur/animation/quiz/lancer "HTTP/1.1 404 Not Found"
2026-10-07 20:54:49,200 [INFO] httpx: HTTP Request: POST http://testserver/organisateur/animation/quiz/lancer "HTTP/1.1 303 See Other"
2026-10-07 20:54:49,205 [INFO] httpx: HTTP Request: GET http://testserver/organisateur/animation/quiz/jouer/awa-k-ab12 "HTTP/1.1 200 OK"
2026-10-07 20:54:49,211 [INFO] httpx: HTTP Request: GET http://testserver/organisateur/animation/quiz/etat/awa-k-ab12 "HTTP/1.1 200 OK"
2026-10-07 20:54:49,231 [INFO] httpx: HTTP Request: GET http://testserver/organisateur/animation/quiz/superviser "HTTP/1.1 200 OK"
2026-10-07 20:54:49,237 [INFO] httpx: HTTP Request: POST http://testserver/organisateur/animation/quiz/repondre/awa-k-ab12 "HTTP/1.1 409 Conflict"
2026-10-07 20:54:49,242 [INFO] httpx: HTTP Request: POST http://testserver/organisateur/animation/quiz/superviser/demarrer "HTTP/1.1 303 See Other"
2026-10-07 20:54:49,248 [INFO] httpx: HTTP Request: GET http://testserver/organisateur/animation/quiz/etat/awa-k-ab12 "HTTP/1.1 200 OK"
2026-10-07 20:54:49,252 [INFO] httpx: HTTP Request: POST http://testserver/organisateur/animation/quiz/repondre/awa-k-ab12 "HTTP/1.1 200 OK"
2026-10-07 20:54:49,257 [INFO] httpx: HTTP Request: POST http://testserver/organisateur/animation/quiz/repondre/awa-k-ab12 "HTTP/1.1 409 Conflict"
2026-10-07 20:54:49,263 [INFO] httpx: HTTP Request: POST http://testserver/organisateur/animation/quiz/repondre/bob-l-cd34 "HTTP/1.1 200 OK"
2026-10-07 20:54:49,268 [INFO] httpx: HTTP Request: POST http://testserver/organisateur/animation/quiz/repondre/nobody "HTTP/1.1 404 Not Found"
2026-10-07 20:54:49,272 [INFO] httpx: HTTP Request: GET http://testserver/organisateur/animation/quiz/etat/awa-k-ab12 "HTTP/1.1 200 OK"
2026-10-07 20:54:49,277 [INFO] httpx: HTTP Request: GET http://testserver/organisateur/animation/quiz/superviser/etat "HTTP/1.1 200 OK"
2026-10-07 20:54:49,283 [INFO] httpx: HTTP Request: GET http://testserver/organisateur/animation/quiz/superviser "HTTP/1.1 200 OK"
2026-10-07 20:54:49,288 [INFO] httpx: HTTP Request: POST http://testserver/organisateur/animation/quiz/superviser/reveler "HTTP/1.1 303 See Other"
2026-10-07 20:54:49,293 [INFO] httpx: HTTP Request: GET http://testserver/organisateur/animation/quiz/etat/awa-k-ab12 "HTTP/1.1 200 OK"
2026-10-07 20:54:49,298 [INFO] httpx: HTTP Request: GET http://testserver/organisateur/animation/quiz/superviser/etat "HTTP/1.1 200 OK"
2026-10-07 20:54:49,303 [INFO] httpx: HTTP Request: GET http://testserver/organisateur/animation/quiz/superviser "HTTP/1.1 200 OK"
2026-10-07 20:54:49,308 [INFO] httpx: HTTP Request: POST http://testserver/organisateur/animation/quiz/superviser/suivante "HTTP/1.1 303 See Other"
2026-10-07 20:54:49,313 [INFO] httpx: HTTP Request: GET http://testserver/organisateur/animation/quiz/etat/bob-l-cd34 "HTTP/1.1 200 OK"
2026-10-07 20:54:49,318 [INFO] httpx: HTTP Request: POST http://testserver/organisateur/animation/quiz/repondre/bob-l-cd34 "HTTP/1.1 409 Conflict"
2026-10-07 20:54:49,322 [INFO] httpx: HTTP Request: POST http://testserver/organisateur/animation/quiz/repondre/bob-l-cd34 "HTTP/1.1 200 OK"
2026-10-07 20:54:49,327 [INFO] httpx: HTTP Request: POST http://testserver/organisateur/animation/quiz/superviser/reveler "HTTP/1.1 303 See Other"
2026-10-07 20:54:49,333 [INFO] httpx: HTTP Request: GET http://testserver/organisateur/animation/quiz/superviser "HTTP/1.1 200 OK"
2026-10-07 20:54:49,340 [INFO] httpx: HTTP Request: POST http://testserver/organisateur/animation/quiz/superviser/suivante "HTTP/1.1 303 See Other"
2026-10-07 20:54:49,346 [INFO] httpx: HTTP Request: GET http://testserver/organisateur/animation/quiz/etat/awa-k-ab12 "HTTP/1.1 200 OK"
2026-10-07 20:54:49,351 [INFO] httpx: HTTP Request: GET http://testserver/organisateur/animation/quiz/etat/bob-l-cd34 "HTTP/1.1 200 OK"
2026-10-07 20:54:49,356 [INFO] httpx: HTTP Request: GET http://testserver/organisateur/animation/quiz/superviser "HTTP/1.1 200 OK"
2026-10-07 20:54:49,361 [INFO] httpx: HTTP Request: POST http://testserver/organisateur/animation/quiz/superviser/reinitialiser "HTTP/1.1 303 See Other"
2026-10-07 20:54:49,366 [INFO] httpx: HTTP Request: GET http://testserver/organisateur/animation/quiz/etat/awa-k-ab12 "HTTP/1.1 200 OK"
2026-10-07 21:03:56,042 [INFO] httpx: HTTP Request: GET http://testserver/organisateur/animation/defis/invites "HTTP/1.1 303 See Other"
2026-10-07 21:03:56,062 [INFO] httpx: HTTP Request: GET http://testserver/organisateur/animation/defis "HTTP/1.1 200 OK"
2026-10-07 21:04:13,937 [INFO] httpx: HTTP Request: GET http://testserver/organisateur/animation/defis/invites "HTTP/1.1 303 See Other"
2026-10-07 21:04:13,956 [INFO] httpx: HTTP Request: GET http://testserver/organisateur/animation/defis "HTTP/1.1 200 OK"
2026-10-07 21:04:13,971 [INFO] httpx: HTTP Request: GET http://testserver/organisateur/animation/defis/lancer "HTTP/1.1 200 OK"
2026-10-07 21:04:13,977 [INFO] httpx: HTTP Request: POST http://testserver/organisateur/animation/defis/lancer "HTTP/1.1 404 Not Found"
2026-10-07 21:04:13,982 [INFO] httpx: HTTP Request: POST http://testserver/organisateur/animation/defis/lancer "HTTP/1.1 303 See Other"
2026-10-07 21:04:13,990 [INFO] httpx: HTTP Request: GET http://testserver/organisateur/animation/defis/jouer/awa-ab12 "HTTP/1.1 200 OK"
2026-10-07 21:04:13,998 [INFO] httpx: HTTP Request: POST http://testserver/organisateur/animation/defis/jouer/awa-ab12 "HTTP/1.1 200 OK"
2026-10-07 21:04:14,007 [INFO] httpx: HTTP Request: POST http://testserver/organisateur/animation/defis/jouer/awa-ab12 "HTTP/1.1 200 OK"
2026-10-07 21:04:19,133 [INFO] httpx: HTTP Request: GET http://testserver/organisateur/animation/quiz "HTTP/1.1 200 OK"
2026-10-07 21:04:19,144 [INFO] httpx: HTTP Request: GET http://testserver/organisateur/animation/quiz/lancer "HTTP/1.1 200 OK"
2026-10-07 21:04:19,150 [INFO] httpx: HTTP Request: POST http://testserver/organisateur/animation/quiz/lancer "HTTP/1.1 404 Not Found"
2026-10-07 21:04:19,156 [INFO] httpx: HTTP Request: POST http://testserver/organisateur/animation/quiz/lancer "HTTP/1.1 303 See Other"
2026-10-07 21:04:19,162 [INFO] httpx: HTTP Request: GET http://testserver/organisateur/animation/quiz/jouer/awa-k-ab12 "HTTP/1.1 200 OK"
2026-10-07 21:04:19,169 [INFO] httpx: HTTP Request: GET http://testserver/organisateur/animation/quiz/etat/awa-k-ab12 "HTTP/1.1 200 OK"
2026-10-07 21:04:19,194 [INFO] httpx: HTTP Request: GET http://testserver/organisateur/animation/quiz/superviser "HTTP/1.1 200 OK"
2026-10-07 21:04:19,200 [INFO] httpx: HTTP Request: POST http://testserver/organisateur/animation/quiz/repondre/awa-k-ab12 "HTTP/1.1 409 Conflict"
2026-10-07 21:04:19,206 [INFO] httpx: HTTP Request: POST http://testserver/organisateur/animation/quiz/superviser/demarrer "HTTP/1.1 303 See Other"
2026-10-07 21:04:19,211 [INFO] httpx: HTTP Request: GET http://testserver/organisateur/animation/quiz/etat/awa-k-ab12 "HTTP/1.1 200 OK"
2026-10-07 21:04:19,219 [INFO] httpx: HTTP Request: POST http://testserver/organisateur/animation/quiz/repondre/awa-k-ab12 "HTTP/1.1 200 OK"
2026-10-07 21:04:19,224 [INFO] httpx: HTTP Request: POST http://testserver/organisateur/animation/quiz/repondre/awa-k-ab12 "HTTP/1.1 409 Conflict"
2026-10-07 21:04:19,231 [INFO] httpx: HTTP Request: POST http://testserver/organisateur/animation/quiz/repondre/bob-l-cd34 "HTTP/1.1 200 OK"
2026-10-07 21:04:19,240 [INFO] httpx: HTTP Request: POST http://testserver/organisateur/animation/quiz/repondre/nobody "HTTP/1.1 404 Not Found"
2026-10-07 21:04:19,248 [INFO] httpx: HTTP Request: GET http://testserver/organisateur/animation/quiz/etat/awa-k-ab12 "HTTP/1.1 200 OK"
2026-10-07 21:04:19,255 [INFO] httpx: HTTP Request: GET http://testserver/organisateur/animation/quiz/superviser/etat "HTTP/1.1 200 OK"
2026-10-07 21:04:19,264 [INFO] httpx: HTTP Request: GET http://testserver/organisateur/animation/quiz/superviser "HTTP/1.1 200 OK"
2026-10-07 21:04:19,271 [INFO] httpx: HTTP Request: POST http://testserver/organisateur/animation/quiz/superviser/reveler "HTTP/1.1 303 See Other"
2026-10-07 21:04:19,279 [INFO] httpx: HTTP Request: GET http://testserver/organisateur/animation/quiz/etat/awa-k-ab12 "HTTP/1.1 200 OK"
2026-10-07 21:04:19,287 [INFO] httpx: HTTP Request: GET http://testserver/organisateur/animation/quiz/superviser/etat "HTTP/1.1 200 OK"
2026-10-07 21:04:19,300 [INFO] httpx: HTTP Request: GET http://testserver/organisateur/animation/quiz/superviser "HTTP/1.1 200 OK"
2026-10-07 21:04:19,308 [INFO] httpx: HTTP Request: POST http://testserver/organisateur/animation/quiz/superviser/suivante "HTTP/1.1 303 See Other"
2026-10-07 21:04:19,315 [INFO] httpx: HTTP Request: GET http://testserver/organisateur/animation/quiz/etat/bob-l-cd34 "HTTP/1.1 200 OK"
2026-10-07 21:04:19,323 [INFO] httpx: HTTP Request: POST http://testserver/organisateur/animation/quiz/repondre/bob-l-cd34 "HTTP/1.1 409 Conflict"
2026-10-07 21:04:19,329 [INFO] httpx: HTTP Request: POST http://testserver/organisateur/animation/quiz/repondre/bob-l-cd34 "HTTP/1.1 200 OK"
2026-10-07 21:04:19,336 [INFO] httpx: HTTP Request: POST http://testserver/organisateur/animation/quiz/superviser/reveler "HTTP/1.1 303 See Other"
2026-10-07 21:04:19,343 [INFO] httpx: HTTP Request: GET http://testserver/organisateur/animation/quiz/superviser "HTTP/1.1 200 OK"
2026-10-07 21:04:19,351 [INFO] httpx: HTTP Request: POST http://testserver/organisateur/animation/quiz/superviser/suivante "HTTP/1.1 303 See Other"
2026-10-07 21:04:19,358 [INFO] httpx: HTTP Request: GET http://testserver/organisateur/animation/quiz/etat/awa-k-ab12 "HTTP/1.1 200 OK"
2026-10-07 21:04:19,363 [INFO] httpx: HTTP Request: GET http://testserver/organisateur/animation/quiz/etat/bob-l-cd34 "HTTP/1.1 200 OK"
2026-10-07 21:04:19,371 [INFO] httpx: HTTP Request: GET http://testserver/organisateur/animation/quiz/superviser "HTTP/1.1 200 OK"
2026-10-07 21:04:19,377 [INFO] httpx: HTTP Request: POST http://testserver/organisateur/animation/quiz/superviser/reinitialiser "HTTP/1.1 303 See Other"
2026-10-07 21:04:19,383 [INFO] httpx: HTTP Request: GET http://testserver/organisateur/animation/quiz/etat/awa-k-ab12 "HTTP/1.1 200 OK"
2026-10-07 21:04:32,258 [INFO] httpx: HTTP Request: GET http://testserver/organisateur/animation/defis/invites "HTTP/1.1 303 See Other"
2026-10-07 21:04:32,273 [INFO] httpx: HTTP Request: GET http://testserver/organisateur/animation/defis "HTTP/1.1 200 OK"
2026-10-07 21:04:32,286 [INFO] httpx: HTTP Request: GET http://testserver/organisateur/animation/defis/lancer "HTTP/1.1 200 OK"
2026-10-07 21:04:32,291 [INFO] httpx: HTTP Request: POST http://testserver/organisateur/animation/defis/lancer "HTTP/1.1 404 Not Found"
2026-10-07 21:04:32,297 [INFO] httpx: HTTP Request: POST http://testserver/organisateur/animation/defis/lancer "HTTP/1.1 303 See Other"
2026-10-07 21:04:32,304 [INFO] httpx: HTTP Request: GET http://testserver/organisateur/animation/defis/jouer/awa-ab12 "HTTP/1.1 200 OK"
2026-10-07 21:04:32,309 [INFO] httpx: HTTP Request: POST http://testserver/organisateur/animation/defis/jouer/awa-ab12 "HTTP/1.1 200 OK"
2026-10-07 21:04:32,315 [INFO] httpx: HTTP Request: POST http://testserver/organisateur/animation/defis/jouer/awa-ab12 "HTTP/1.1 200 OK"
2026-10-07 21:04:32,321 [INFO] httpx: HTTP Request: GET http://testserver/organisateur/animation/defis/jouer/awa-ab12 "HTTP/1.1 200 OK"
2026-10-07 21:04:32,327 [INFO] httpx: HTTP Request: POST http://testserver/organisateur/animation/defis/jouer/bob-cd34 "HTTP/1.1 200 OK"
2026-10-07 21:04:32,334 [INFO] httpx: HTTP Request: GET http://testserver/organisateur/animation/defis/invites "HTTP/1.1 200 OK"
2026-10-07 21:04:32,339 [INFO] httpx: HTTP Request: POST http://testserver/organisateur/animation/defis/invites/reinitialiser/awa-ab12 "HTTP/1.1 303 See Other"
2026-10-07 21:04:32,344 [INFO] httpx: HTTP Request: GET http://testserver/organisateur/animation/defis/invites "HTTP/1.1 200 OK"
2026-10-07 21:04:32,351 [INFO] httpx: HTTP Request: GET http://testserver/organisateur/animation/defis/jouer/awa-ab12 "HTTP/1.1 200 OK"
2026-10-07 21:04:32,357 [INFO] httpx: HTTP Request: GET http://testserver/organisateur/animation/defis/invites "HTTP/1.1 200 OK"
2026-10-07 21:04:32,362 [INFO] httpx: HTTP Request: POST http://testserver/organisateur/animation/defis/invites/reinitialiser "HTTP/1.1 303 See Other"
2026-10-07 21:04:32,369 [INFO] httpx: HTTP Request: GET http://testserver/organisateur/animation/defis/invites "HTTP/1.1 200 OK"
2026-10-07 21:04:32,376 [INFO] httpx: HTTP Request: GET http://testserver/organisateur/animation/defis/invites "HTTP/1.1 200 OK"
2026-10-07 21:51:17,707 [INFO] httpx: HTTP Request: GET http://testserver/organisateur/animation/mot-aux-maries "HTTP/1.1 200 OK"
2026-10-07 21:51:17,721 [INFO] httpx: HTTP Request: POST http://testserver/organisateur/animation/mot-aux-maries "HTTP/1.1 404 Not Found"
2026-10-07 21:51:17,732 [INFO] httpx: HTTP Request: POST http://testserver/organisateur/animation/mot-aux-maries "HTTP/1.1 303 See Other"
2026-10-07 21:51:17,743 [INFO] httpx: HTTP Request: GET http://testserver/organisateur/animation/mot-aux-maries/awa-k-ab12 "HTTP/1.1 200 OK"
2026-10-07 21:51:23,548 [INFO] httpx: HTTP Request: POST http://testserver/organisateur/animation/mot-aux-maries/nobody "HTTP/1.1 404 Not Found"
2026-10-07 21:51:27,457 [INFO] httpx: HTTP Request: POST http://testserver/organisateur/animation/mot-aux-maries/awa-k-ab12 "HTTP/1.1 200 OK"
2026-10-07 22:54:19,230 [INFO] httpx: HTTP Request: GET http://testserver/organisateur/animation/quiz/questions "HTTP/1.1 200 OK"
2026-10-07 22:54:19,245 [INFO] httpx: HTTP Request: GET http://testserver/organisateur/animation/quiz/questions "HTTP/1.1 200 OK"
2026-10-07 22:54:19,260 [INFO] httpx: HTTP Request: POST http://testserver/organisateur/animation/quiz/ajouter-question/c1 "HTTP/1.1 303 See Other"
2026-10-07 22:54:19,272 [INFO] httpx: HTTP Request: GET http://testserver/organisateur/animation/quiz/questions "HTTP/1.1 200 OK"
2026-10-07 22:54:19,283 [INFO] httpx: HTTP Request: POST http://testserver/organisateur/animation/quiz/ajouter-question/c1 "HTTP/1.1 422 Unprocessable Entity"
2026-10-07 22:54:32,247 [INFO] httpx: HTTP Request: GET http://testserver/organisateur/animation/quiz "HTTP/1.1 200 OK"
2026-10-07 22:54:32,264 [INFO] httpx: HTTP Request: GET http://testserver/organisateur/animation/quiz/lancer "HTTP/1.1 200 OK"
2026-10-07 22:54:32,275 [INFO] httpx: HTTP Request: POST http://testserver/organisateur/animation/quiz/lancer "HTTP/1.1 404 Not Found"
2026-10-07 22:54:32,284 [INFO] httpx: HTTP Request: POST http://testserver/organisateur/animation/quiz/lancer "HTTP/1.1 303 See Other"
2026-10-07 22:54:32,295 [INFO] httpx: HTTP Request: GET http://testserver/organisateur/animation/quiz/jouer/awa-k-ab12 "HTTP/1.1 200 OK"
2026-10-07 22:54:32,304 [INFO] httpx: HTTP Request: GET http://testserver/organisateur/animation/quiz/etat/awa-k-ab12 "HTTP/1.1 200 OK"
2026-10-07 22:54:32,473 [INFO] httpx: HTTP Request: GET http://testserver/organisateur/animation/quiz/superviser "HTTP/1.1 200 OK"
2026-10-07 22:54:32,486 [INFO] httpx: HTTP Request: POST http://testserver/organisateur/animation/quiz/repondre/awa-k-ab12 "HTTP/1.1 409 Conflict"
2026-10-07 22:54:32,495 [INFO] httpx: HTTP Request: POST http://testserver/organisateur/animation/quiz/superviser/demarrer "HTTP/1.1 303 See Other"
2026-10-07 22:54:32,504 [INFO] httpx: HTTP Request: GET http://testserver/organisateur/animation/quiz/etat/awa-k-ab12 "HTTP/1.1 200 OK"
2026-10-07 22:54:32,513 [INFO] httpx: HTTP Request: POST http://testserver/organisateur/animation/quiz/repondre/awa-k-ab12 "HTTP/1.1 200 OK"
2026-10-07 22:54:32,522 [INFO] httpx: HTTP Request: POST http://testserver/organisateur/animation/quiz/repondre/awa-k-ab12 "HTTP/1.1 409 Conflict"
2026-10-07 22:54:32,535 [INFO] httpx: HTTP Request: POST http://testserver/organisateur/animation/quiz/repondre/bob-l-cd34 "HTTP/1.1 200 OK"
2026-10-07 22:54:32,553 [INFO] httpx: HTTP Request: POST http://testserver/organisateur/animation/quiz/repondre/nobody "HTTP/1.1 404 Not Found"
2026-10-07 22:54:32,570 [INFO] httpx: HTTP Request: GET http://testserver/organisateur/animation/quiz/etat/awa-k-ab12 "HTTP/1.1 200 OK"
2026-10-07 22:54:32,585 [INFO] httpx: HTTP Request: GET http://testserver/organisateur/animation/quiz/superviser/etat "HTTP/1.1 200 OK"
2026-10-07 22:54:32,603 [INFO] httpx: HTTP Request: GET http://testserver/organisateur/animation/quiz/superviser "HTTP/1.1 200 OK"
2026-10-07 22:54:32,628 [INFO] httpx: HTTP Request: POST http://testserver/organisateur/animation/quiz/superviser/reveler "HTTP/1.1 303 See Other"
2026-10-07 22:54:32,652 [INFO] httpx: HTTP Request: GET http://testserver/organisateur/animation/quiz/etat/awa-k-ab12 "HTTP/1.1 200 OK"
2026-10-07 22:54:32,667 [INFO] httpx: HTTP Request: GET http://testserver/organisateur/animation/quiz/superviser/etat "HTTP/1.1 200 OK"
2026-10-07 22:54:32,677 [INFO] httpx: HTTP Request: GET http://testserver/organisateur/animation/quiz/superviser "HTTP/1.1 200 OK"
2026-10-07 22:54:32,687 [INFO] httpx: HTTP Request: POST http://testserver/organisateur/animation/quiz/superviser/suivante "HTTP/1.1 303 See Other"
2026-10-07 22:54:32,696 [INFO] httpx: HTTP Request: GET http://testserver/organisateur/animation/quiz/etat/bob-l-cd34 "HTTP/1.1 200 OK"
2026-10-07 22:54:32,705 [INFO] httpx: HTTP Request: POST http://testserver/organisateur/animation/quiz/repondre/bob-l-cd34 "HTTP/1.1 409 Conflict"
2026-10-07 22:54:32,716 [INFO] httpx: HTTP Request: POST http://testserver/organisateur/animation/quiz/repondre/bob-l-cd34 "HTTP/1.1 200 OK"
2026-10-07 22:54:32,727 [INFO] httpx: HTTP Request: POST http://testserver/organisateur/animation/quiz/superviser/reveler "HTTP/1.1 303 See Other"
2026-10-07 22:54:32,739 [INFO] httpx: HTTP Request: GET http://testserver/organisateur/animation/quiz/superviser "HTTP/1.1 200 OK"
2026-10-07 22:54:32,749 [INFO] httpx: HTTP Request: POST http://testserver/organisateur/animation/quiz/superviser/suivante "HTTP/1.1 303 See Other"
2026-10-07 22:54:32,759 [INFO] httpx: HTTP Request: GET http://testserver/organisateur/animation/quiz/etat/awa-k-ab12 "HTTP/1.1 200 OK"
2026-10-07 22:54:32,770 [INFO] httpx: HTTP Request: GET http://testserver/organisateur/animation/quiz/etat/bob-l-cd34 "HTTP/1.1 200 OK"
2026-10-07 22:54:32,795 [INFO] httpx: HTTP Request: GET http://testserver/organisateur/animation/quiz/superviser "HTTP/1.1 200 OK"
2026-10-07 22:54:32,808 [INFO] httpx: HTTP Request: POST http://testserver/organisateur/animation/quiz/superviser/reinitialiser "HTTP/1.1 303 See Other"
2026-10-07 22:54:32,826 [INFO] httpx: HTTP Request: GET http://testserver/organisateur/animation/quiz/etat/awa-k-ab12 "HTTP/1.1 200 OK"
2026-10-07 22:54:43,778 [INFO] httpx: HTTP Request: GET http://testserver/organisateur/animation/defis/invites "HTTP/1.1 303 See Other"
2026-10-07 22:54:43,805 [INFO] httpx: HTTP Request: GET http://testserver/organisateur/animation/defis "HTTP/1.1 200 OK"
2026-10-07 22:54:43,825 [INFO] httpx: HTTP Request: GET http://testserver/organisateur/animation/defis/lancer "HTTP/1.1 200 OK"
2026-10-07 22:54:43,836 [INFO] httpx: HTTP Request: POST http://testserver/organisateur/animation/defis/lancer "HTTP/1.1 404 Not Found"
2026-10-07 22:54:43,846 [INFO] httpx: HTTP Request: POST http://testserver/organisateur/animation/defis/lancer "HTTP/1.1 303 See Other"
2026-10-07 22:54:43,856 [INFO] httpx: HTTP Request: GET http://testserver/organisateur/animation/defis/jouer/awa-ab12 "HTTP/1.1 200 OK"
2026-10-07 22:54:43,866 [INFO] httpx: HTTP Request: POST http://testserver/organisateur/animation/defis/jouer/awa-ab12 "HTTP/1.1 200 OK"
2026-10-07 22:54:43,881 [INFO] httpx: HTTP Request: POST http://testserver/organisateur/animation/defis/jouer/awa-ab12 "HTTP/1.1 200 OK"
2026-10-07 22:54:44,041 [INFO] httpx: HTTP Request: GET http://testserver/organisateur/animation/defis/jouer/awa-ab12 "HTTP/1.1 200 OK"
2026-10-07 22:54:44,052 [INFO] httpx: HTTP Request: POST http://testserver/organisateur/animation/defis/jouer/bob-cd34 "HTTP/1.1 200 OK"
2026-10-07 22:54:44,061 [INFO] httpx: HTTP Request: GET http://testserver/organisateur/animation/defis/invites "HTTP/1.1 200 OK"
2026-10-07 22:54:44,071 [INFO] httpx: HTTP Request: POST http://testserver/organisateur/animation/defis/invites/reinitialiser/awa-ab12 "HTTP/1.1 303 See Other"
2026-10-07 22:54:44,081 [INFO] httpx: HTTP Request: GET http://testserver/organisateur/animation/defis/invites "HTTP/1.1 200 OK"
2026-10-07 22:54:44,091 [INFO] httpx: HTTP Request: GET http://testserver/organisateur/animation/defis/jouer/awa-ab12 "HTTP/1.1 200 OK"
2026-10-07 22:54:44,102 [INFO] httpx: HTTP Request: GET http://testserver/organisateur/animation/defis/invites "HTTP/1.1 200 OK"
2026-10-07 22:54:44,112 [INFO] httpx: HTTP Request: POST http://testserver/organisateur/animation/defis/invites/reinitialiser "HTTP/1.1 303 See Other"
2026-10-07 22:54:44,122 [INFO] httpx: HTTP Request: GET http://testserver/organisateur/animation/defis/invites "HTTP/1.1 200 OK"
2026-10-07 22:54:44,131 [INFO] httpx: HTTP Request: GET http://testserver/organisateur/animation/defis/invites "HTTP/1.1 200 OK"
2026-10-07 22:55:15,410 [INFO] httpx: HTTP Request: GET http://testserver/organisateur/animation/quiz/questions "HTTP/1.1 200 OK"
2026-10-07 22:55:15,421 [INFO] httpx: HTTP Request: GET http://testserver/organisateur/animation/quiz/questions "HTTP/1.1 200 OK"
2026-10-07 22:55:15,435 [INFO] httpx: HTTP Request: POST http://testserver/organisateur/animation/quiz/ajouter-question/c1 "HTTP/1.1 303 See Other"
2026-10-07 22:55:15,448 [INFO] httpx: HTTP Request: GET http://testserver/organisateur/animation/quiz/questions "HTTP/1.1 200 OK"
2026-10-07 22:55:15,460 [INFO] httpx: HTTP Request: POST http://testserver/organisateur/animation/quiz/ajouter-question/c1 "HTTP/1.1 303 See Other"
2026-10-07 22:55:15,470 [INFO] httpx: HTTP Request: GET http://testserver/organisateur/animation/quiz/questions "HTTP/1.1 200 OK"
2026-10-07 22:55:52,137 [INFO] httpx: HTTP Request: GET http://testserver/organisateur/animation/quiz/questions "HTTP/1.1 200 OK"
2026-10-07 22:55:52,148 [INFO] httpx: HTTP Request: GET http://testserver/organisateur/animation/quiz/questions "HTTP/1.1 200 OK"
2026-10-07 22:55:52,160 [INFO] httpx: HTTP Request: POST http://testserver/organisateur/animation/quiz/ajouter-question/c1 "HTTP/1.1 303 See Other"
2026-10-07 22:55:52,173 [INFO] httpx: HTTP Request: GET http://testserver/organisateur/animation/quiz/questions "HTTP/1.1 200 OK"
2026-10-07 22:55:52,184 [INFO] httpx: HTTP Request: POST http://testserver/organisateur/animation/quiz/ajouter-question/c1 "HTTP/1.1 303 See Other"
2026-10-07 22:55:52,195 [INFO] httpx: HTTP Request: GET http://testserver/organisateur/animation/quiz/questions "HTTP/1.1 200 OK"
2026-10-07 22:55:52,206 [INFO] httpx: HTTP Request: GET http://testserver/organisateur/animation/quiz/questions "HTTP/1.1 200 OK"
2026-10-07 22:55:52,361 [INFO] httpx: HTTP Request: POST http://testserver/organisateur/animation/quiz/c1/supprimer-question/ce15c32d-b18e-425e-bfd8-947ecd1412dc "HTTP/1.1 303 See Other"
2026-10-07 22:55:52,371 [INFO] httpx: HTTP Request: GET http://testserver/organisateur/animation/quiz/questions "HTTP/1.1 200 OK"
2026-10-07 22:55:52,383 [INFO] httpx: HTTP Request: POST http://testserver/organisateur/animation/quiz/ajouter-question/c1 "HTTP/1.1 303 See Other"
2026-10-07 22:55:52,392 [INFO] httpx: HTTP Request: GET http://testserver/organisateur/animation/quiz/questions "HTTP/1.1 200 OK"
2026-10-07 22:55:52,402 [INFO] httpx: HTTP Request: POST http://testserver/organisateur/animation/quiz/supprimer-categorie/c1 "HTTP/1.1 303 See Other"
2026-10-07 22:55:52,413 [INFO] httpx: HTTP Request: GET http://testserver/organisateur/animation/quiz/questions "HTTP/1.1 200 OK"
2026-10-07 22:55:55,695 [INFO] httpx: HTTP Request: POST http://testserver/organisateur/animation/mot-aux-maries/awa-k-ab12 "HTTP/1.1 200 OK"
2026-10-07 22:56:07,742 [INFO] httpx: HTTP Request: GET http://testserver/organisateur/animation/quiz "HTTP/1.1 200 OK"
2026-10-07 22:56:07,801 [INFO] httpx: HTTP Request: GET http://testserver/organisateur/animation/quiz/lancer "HTTP/1.1 200 OK"
2026-10-07 22:56:07,824 [INFO] httpx: HTTP Request: POST http://testserver/organisateur/animation/quiz/lancer "HTTP/1.1 404 Not Found"
2026-10-07 22:56:07,841 [INFO] httpx: HTTP Request: POST http://testserver/organisateur/animation/quiz/lancer "HTTP/1.1 303 See Other"
2026-10-07 22:56:07,863 [INFO] httpx: HTTP Request: GET http://testserver/organisateur/animation/quiz/jouer/awa-k-ab12 "HTTP/1.1 200 OK"
2026-10-07 22:56:07,894 [INFO] httpx: HTTP Request: GET http://testserver/organisateur/animation/quiz/etat/awa-k-ab12 "HTTP/1.1 200 OK"
2026-10-07 22:56:08,254 [INFO] httpx: HTTP Request: GET http://testserver/organisateur/animation/quiz/superviser "HTTP/1.1 200 OK"
2026-10-07 22:56:08,287 [INFO] httpx: HTTP Request: POST http://testserver/organisateur/animation/quiz/repondre/awa-k-ab12 "HTTP/1.1 409 Conflict"
2026-10-07 22:56:08,302 [INFO] httpx: HTTP Request: POST http://testserver/organisateur/animation/quiz/superviser/demarrer "HTTP/1.1 303 See Other"
2026-10-07 22:56:08,350 [INFO] httpx: HTTP Request: GET http://testserver/organisateur/animation/quiz/etat/awa-k-ab12 "HTTP/1.1 200 OK"
2026-10-07 22:56:08,403 [INFO] httpx: HTTP Request: POST http://testserver/organisateur/animation/quiz/repondre/awa-k-ab12 "HTTP/1.1 200 OK"
2026-10-07 22:56:08,441 [INFO] httpx: HTTP Request: POST http://testserver/organisateur/animation/quiz/repondre/awa-k-ab12 "HTTP/1.1 409 Conflict"
2026-10-07 22:56:08,465 [INFO] httpx: HTTP Request: POST http://testserver/organisateur/animation/quiz/repondre/bob-l-cd34 "HTTP/1.1 200 OK"
2026-10-07 22:56:08,508 [INFO] httpx: HTTP Request: POST http://testserver/organisateur/animation/quiz/repondre/nobody "HTTP/1.1 404 Not Found"
2026-10-07 22:56:08,527 [INFO] httpx: HTTP Request: GET http://testserver/organisateur/animation/quiz/etat/awa-k-ab12 "HTTP/1.1 200 OK"
2026-10-07 22:56:08,546 [INFO] httpx: HTTP Request: GET http://testserver/organisateur/animation/quiz/superviser/etat "HTTP/1.1 200 OK"
2026-10-07 22:56:08,567 [INFO] httpx: HTTP Request: GET http://testserver/organisateur/animation/quiz/superviser "HTTP/1.1 200 OK"
2026-10-07 22:56:08,587 [INFO] httpx: HTTP Request: POST http://testserver/organisateur/animation/quiz/superviser/reveler "HTTP/1.1 303 See Other"
2026-10-07 22:56:08,615 [INFO] httpx: HTTP Request: GET http://testserver/organisateur/animation/quiz/etat/awa-k-ab12 "HTTP/1.1 200 OK"
2026-10-07 22:56:08,637 [INFO] httpx: HTTP Request: GET http://testserver/organisateur/animation/quiz/superviser/etat "HTTP/1.1 200 OK"
2026-10-07 22:56:08,665 [INFO] httpx: HTTP Request: GET http://testserver/organisateur/animation/quiz/superviser "HTTP/1.1 200 OK"
2026-10-07 22:56:08,690 [INFO] httpx: HTTP Request: POST http://testserver/organisateur/animation/quiz/superviser/suivante "HTTP/1.1 303 See Other"
2026-10-07 22:56:08,718 [INFO] httpx: HTTP Request: GET http://testserver/organisateur/animation/quiz/etat/bob-l-cd34 "HTTP/1.1 200 OK"
2026-10-07 22:56:08,739 [INFO] httpx: HTTP Request: POST http://testserver/organisateur/animation/quiz/repondre/bob-l-cd34 "HTTP/1.1 409 Conflict"
2026-10-07 22:56:08,762 [INFO] httpx: HTTP Request: POST http://testserver/organisateur/animation/quiz/repondre/bob-l-cd34 "HTTP/1.1 200 OK"
2026-10-07 22:56:08,785 [INFO] httpx: HTTP Request: POST http://testserver/organisateur/animation/quiz/superviser/reveler "HTTP/1.1 303 See Other"
2026-10-07 22:56:08,809 [INFO] httpx: HTTP Request: GET http://testserver/organisateur/animation/quiz/superviser "HTTP/1.1 200 OK"
2026-10-07 22:56:08,830 [INFO] httpx: HTTP Request: POST http://testserver/organisateur/animation/quiz/superviser/suivante "HTTP/1.1 303 See Other"
2026-10-07 22:56:08,856 [INFO] httpx: HTTP Request: GET http://testserver/organisateur/animation/quiz/etat/awa-k-ab12 "HTTP/1.1 200 OK"
2026-10-07 22:56:08,877 [INFO] httpx: HTTP Request: GET http://testserver/organisateur/animation/quiz/etat/bob-l-cd34 "HTTP/1.1 200 OK"
2026-10-07 22:56:08,923 [INFO] httpx: HTTP Request: GET http://testserver/organisateur/animation/quiz/superviser "HTTP/1.1 200 OK"
2026-10-07 22:56:08,968 [INFO] httpx: HTTP Request: POST http://testserver/organisateur/animation/quiz/superviser/reinitialiser "HTTP/1.1 303 See Other"
2026-10-07 22:56:09,012 [INFO] httpx: HTTP Request: GET http://testserver/organisateur/animation/quiz/etat/awa-k-ab12 "HTTP/1.1 200 OK"
2026-10-07 22:56:20,971 [INFO] httpx: HTTP Request: GET http://testserver/organisateur/animation/defis/invites "HTTP/1.1 303 See Other"
2026-10-07 22:56:21,000 [INFO] httpx: HTTP Request: GET http://testserver/organisateur/animation/defis "HTTP/1.1 200 OK"
2026-10-07 22:56:21,019 [INFO] httpx: HTTP Request: GET http://testserver/organisateur/animation/defis/lancer "HTTP/1.1 200 OK"
2026-10-07 22:56:21,029 [INFO] httpx: HTTP Request: POST http://testserver/organisateur/animation/defis/lancer "HTTP/1.1 404 Not Found"
2026-10-07 22:56:21,038 [INFO] httpx: HTTP Request: POST http://testserver/organisateur/animation/defis/lancer "HTTP/1.1 303 See Other"
2026-10-07 22:56:21,049 [INFO] httpx: HTTP Request: GET http://testserver/organisateur/animation/defis/jouer/awa-ab12 "HTTP/1.1 200 OK"
2026-10-07 22:56:21,059 [INFO] httpx: HTTP Request: POST http://testserver/organisateur/animation/defis/jouer/awa-ab12 "HTTP/1.1 200 OK"
2026-10-07 22:56:21,069 [INFO] httpx: HTTP Request: POST http://testserver/organisateur/animation/defis/jouer/awa-ab12 "HTTP/1.1 200 OK"
2026-10-07 22:56:21,215 [INFO] httpx: HTTP Request: GET http://testserver/organisateur/animation/defis/jouer/awa-ab12 "HTTP/1.1 200 OK"
2026-10-07 22:56:21,225 [INFO] httpx: HTTP Request: POST http://testserver/organisateur/animation/defis/jouer/bob-cd34 "HTTP/1.1 200 OK"
2026-10-07 22:56:21,236 [INFO] httpx: HTTP Request: GET http://testserver/organisateur/animation/defis/invites "HTTP/1.1 200 OK"
2026-10-07 22:56:21,247 [INFO] httpx: HTTP Request: POST http://testserver/organisateur/animation/defis/invites/reinitialiser/awa-ab12 "HTTP/1.1 303 See Other"
2026-10-07 22:56:21,257 [INFO] httpx: HTTP Request: GET http://testserver/organisateur/animation/defis/invites "HTTP/1.1 200 OK"
2026-10-07 22:56:21,266 [INFO] httpx: HTTP Request: GET http://testserver/organisateur/animation/defis/jouer/awa-ab12 "HTTP/1.1 200 OK"
2026-10-07 22:56:21,276 [INFO] httpx: HTTP Request: GET http://testserver/organisateur/animation/defis/invites "HTTP/1.1 200 OK"
2026-10-07 22:56:21,286 [INFO] httpx: HTTP Request: POST http://testserver/organisateur/animation/defis/invites/reinitialiser "HTTP/1.1 303 See Other"
2026-10-07 22:56:21,295 [INFO] httpx: HTTP Request: GET http://testserver/organisateur/animation/defis/invites "HTTP/1.1 200 OK"
2026-10-07 22:56:21,305 [INFO] httpx: HTTP Request: GET http://testserver/organisateur/animation/defis/invites "HTTP/1.1 200 OK"
2026-10-07 22:56:34,231 [INFO] httpx: HTTP Request: GET http://testserver/organisateur/animation/mot-aux-maries "HTTP/1.1 200 OK"
2026-10-07 22:56:34,242 [INFO] httpx: HTTP Request: POST http://testserver/organisateur/animation/mot-aux-maries "HTTP/1.1 404 Not Found"
2026-10-07 22:56:34,252 [INFO] httpx: HTTP Request: POST http://testserver/organisateur/animation/mot-aux-maries "HTTP/1.1 303 See Other"
2026-10-07 22:56:34,264 [INFO] httpx: HTTP Request: GET http://testserver/organisateur/animation/mot-aux-maries/awa-k-ab12 "HTTP/1.1 200 OK"
2026-10-07 22:56:38,004 [INFO] httpx: HTTP Request: POST http://testserver/organisateur/animation/mot-aux-maries/nobody "HTTP/1.1 404 Not Found"
2026-10-07 22:56:53,579 [ERROR] app.storage: B2 : impossible de créer les dossiers (vérifiez la clé dans le .env) : Connection was closed before we received a valid response from endpoint URL: "https://s3.eu-central-003.backblazeb2.com/testweddingapp/quiz/.bzEmpty".
2026-10-07 22:57:03,549 [ERROR] app.routers.organizers: Un mot aux mariés : échec du traitement de 20261007_225638_awa-k-ab12 : SSL validation failed for https://s3.eu-central-003.backblazeb2.com/testweddingapp/unmotauxmaries/originales/20261007_225638_awa-k-ab12.mp4 EOF occurred in violation of protocol (_ssl.c:2423)
2026-10-07 22:57:03,555 [INFO] httpx: HTTP Request: POST http://testserver/organisateur/animation/mot-aux-maries/awa-k-ab12 "HTTP/1.1 200 OK"
2026-10-07 22:57:25,556 [INFO] httpx: HTTP Request: GET http://testserver/organisateur/animation/mot-aux-maries "HTTP/1.1 200 OK"
2026-10-07 22:57:25,567 [INFO] httpx: HTTP Request: POST http://testserver/organisateur/animation/mot-aux-maries "HTTP/1.1 404 Not Found"
2026-10-07 22:57:25,577 [INFO] httpx: HTTP Request: POST http://testserver/organisateur/animation/mot-aux-maries "HTTP/1.1 303 See Other"
2026-10-07 22:57:25,589 [INFO] httpx: HTTP Request: GET http://testserver/organisateur/animation/mot-aux-maries/awa-k-ab12 "HTTP/1.1 200 OK"
2026-10-07 22:57:29,111 [INFO] httpx: HTTP Request: POST http://testserver/organisateur/animation/mot-aux-maries/nobody "HTTP/1.1 404 Not Found"
2026-10-07 22:57:46,149 [ERROR] app.storage: B2 : impossible de créer les dossiers (vérifiez la clé dans le .env) : Connection was closed before we received a valid response from endpoint URL: "https://s3.eu-central-003.backblazeb2.com/testweddingapp/quiz/.bzEmpty".
2026-10-07 22:57:58,232 [ERROR] app.routers.organizers: Un mot aux mariés : échec du traitement de 20261007_225729_awa-k-ab12 : SSL validation failed for https://s3.eu-central-003.backblazeb2.com/testweddingapp/unmotauxmaries/originales/20261007_225729_awa-k-ab12.mp4 EOF occurred in violation of protocol (_ssl.c:2423)
2026-10-07 22:57:58,239 [INFO] httpx: HTTP Request: POST http://testserver/organisateur/animation/mot-aux-maries/awa-k-ab12 "HTTP/1.1 200 OK"
2026-10-07 23:00:50,332 [ERROR] app.storage: B2 : impossible de créer les dossiers (vérifiez la clé dans le .env) : Connection was closed before we received a valid response from endpoint URL: "https://s3.eu-central-003.backblazeb2.com/testweddingapp/quiz/.bzEmpty".
2026-10-07 23:01:08,485 [ERROR] app.routers.organizers: Un mot aux mariés : échec du traitement de 20261007_230032_4d4e98 : Connection was closed before we received a valid response from endpoint URL: "https://s3.eu-central-003.backblazeb2.com/testweddingapp/unmotauxmaries/originales/20261007_230032_4d4e98.mp4".
2026-10-07 23:01:38,961 [ERROR] app.routers.organizers: Un mot aux mariés : échec du traitement de 20261007_230129_4d4e98 : Connection was closed before we received a valid response from endpoint URL: "https://s3.eu-central-003.backblazeb2.com/testweddingapp/unmotauxmaries/originales/20261007_230129_4d4e98.mp4".
2026-10-07 23:09:25,294 [INFO] httpx: HTTP Request: GET http://testserver/organisateur/animation/mot-aux-maries "HTTP/1.1 200 OK"
2026-10-07 23:09:25,313 [INFO] httpx: HTTP Request: GET http://testserver/organisateur/animation/mot-aux-maries/enregistrer "HTTP/1.1 200 OK"
2026-10-07 23:09:25,323 [INFO] httpx: HTTP Request: POST http://testserver/organisateur/animation/mot-aux-maries/enregistrer "HTTP/1.1 303 See Other"
2026-10-07 23:09:25,335 [INFO] httpx: HTTP Request: GET http://testserver/organisateur/animation/mot-aux-maries/enregistrer/kone-awa-ab12 "HTTP/1.1 200 OK"
2026-10-07 23:09:25,348 [INFO] httpx: HTTP Request: GET http://testserver/organisateur/animation/mot-aux-maries/messages "HTTP/1.1 200 OK"
2026-10-07 23:09:38,291 [INFO] httpx: HTTP Request: GET http://testserver/organisateur/animation/quiz "HTTP/1.1 200 OK"
2026-10-07 23:09:38,307 [INFO] httpx: HTTP Request: GET http://testserver/organisateur/animation/quiz/lancer "HTTP/1.1 200 OK"
2026-10-07 23:09:38,317 [INFO] httpx: HTTP Request: POST http://testserver/organisateur/animation/quiz/lancer "HTTP/1.1 404 Not Found"
2026-10-07 23:09:38,327 [INFO] httpx: HTTP Request: POST http://testserver/organisateur/animation/quiz/lancer "HTTP/1.1 303 See Other"
2026-10-07 23:09:38,336 [INFO] httpx: HTTP Request: GET http://testserver/organisateur/animation/quiz/jouer/awa-k-ab12 "HTTP/1.1 200 OK"
2026-10-07 23:09:38,346 [INFO] httpx: HTTP Request: GET http://testserver/organisateur/animation/quiz/etat/awa-k-ab12 "HTTP/1.1 200 OK"
2026-10-07 23:09:38,375 [INFO] httpx: HTTP Request: GET http://testserver/organisateur/animation/quiz/superviser "HTTP/1.1 200 OK"
2026-10-07 23:09:38,384 [INFO] httpx: HTTP Request: POST http://testserver/organisateur/animation/quiz/repondre/awa-k-ab12 "HTTP/1.1 409 Conflict"
2026-10-07 23:09:38,393 [INFO] httpx: HTTP Request: POST http://testserver/organisateur/animation/quiz/superviser/demarrer "HTTP/1.1 303 See Other"
2026-10-07 23:09:38,401 [INFO] httpx: HTTP Request: GET http://testserver/organisateur/animation/quiz/etat/awa-k-ab12 "HTTP/1.1 200 OK"
2026-10-07 23:09:38,410 [INFO] httpx: HTTP Request: POST http://testserver/organisateur/animation/quiz/repondre/awa-k-ab12 "HTTP/1.1 200 OK"
2026-10-07 23:09:38,419 [INFO] httpx: HTTP Request: POST http://testserver/organisateur/animation/quiz/repondre/awa-k-ab12 "HTTP/1.1 409 Conflict"
2026-10-07 23:09:38,428 [INFO] httpx: HTTP Request: POST http://testserver/organisateur/animation/quiz/repondre/bob-l-cd34 "HTTP/1.1 200 OK"
2026-10-07 23:09:38,438 [INFO] httpx: HTTP Request: POST http://testserver/organisateur/animation/quiz/repondre/nobody "HTTP/1.1 404 Not Found"
2026-10-07 23:09:38,448 [INFO] httpx: HTTP Request: GET http://testserver/organisateur/animation/quiz/etat/awa-k-ab12 "HTTP/1.1 200 OK"
2026-10-07 23:09:38,457 [INFO] httpx: HTTP Request: GET http://testserver/organisateur/animation/quiz/superviser/etat "HTTP/1.1 200 OK"
2026-10-07 23:09:38,467 [INFO] httpx: HTTP Request: GET http://testserver/organisateur/animation/quiz/superviser "HTTP/1.1 200 OK"
2026-10-07 23:09:38,476 [INFO] httpx: HTTP Request: POST http://testserver/organisateur/animation/quiz/superviser/reveler "HTTP/1.1 303 See Other"
2026-10-07 23:09:38,487 [INFO] httpx: HTTP Request: GET http://testserver/organisateur/animation/quiz/etat/awa-k-ab12 "HTTP/1.1 200 OK"
2026-10-07 23:09:38,495 [INFO] httpx: HTTP Request: GET http://testserver/organisateur/animation/quiz/superviser/etat "HTTP/1.1 200 OK"
2026-10-07 23:09:38,505 [INFO] httpx: HTTP Request: GET http://testserver/organisateur/animation/quiz/superviser "HTTP/1.1 200 OK"
2026-10-07 23:09:38,514 [INFO] httpx: HTTP Request: POST http://testserver/organisateur/animation/quiz/superviser/suivante "HTTP/1.1 303 See Other"
2026-10-07 23:09:38,522 [INFO] httpx: HTTP Request: GET http://testserver/organisateur/animation/quiz/etat/bob-l-cd34 "HTTP/1.1 200 OK"
2026-10-07 23:09:38,531 [INFO] httpx: HTTP Request: POST http://testserver/organisateur/animation/quiz/repondre/bob-l-cd34 "HTTP/1.1 409 Conflict"
2026-10-07 23:09:38,539 [INFO] httpx: HTTP Request: POST http://testserver/organisateur/animation/quiz/repondre/bob-l-cd34 "HTTP/1.1 200 OK"
2026-10-07 23:09:38,551 [INFO] httpx: HTTP Request: POST http://testserver/organisateur/animation/quiz/superviser/reveler "HTTP/1.1 303 See Other"
2026-10-07 23:09:38,562 [INFO] httpx: HTTP Request: GET http://testserver/organisateur/animation/quiz/superviser "HTTP/1.1 200 OK"
2026-10-07 23:09:38,571 [INFO] httpx: HTTP Request: POST http://testserver/organisateur/animation/quiz/superviser/suivante "HTTP/1.1 303 See Other"
2026-10-07 23:09:38,580 [INFO] httpx: HTTP Request: GET http://testserver/organisateur/animation/quiz/etat/awa-k-ab12 "HTTP/1.1 200 OK"
2026-10-07 23:09:38,588 [INFO] httpx: HTTP Request: GET http://testserver/organisateur/animation/quiz/etat/bob-l-cd34 "HTTP/1.1 200 OK"
2026-10-07 23:09:38,598 [INFO] httpx: HTTP Request: GET http://testserver/organisateur/animation/quiz/superviser "HTTP/1.1 200 OK"
2026-10-07 23:09:38,607 [INFO] httpx: HTTP Request: POST http://testserver/organisateur/animation/quiz/superviser/reinitialiser "HTTP/1.1 303 See Other"
2026-10-07 23:09:38,615 [INFO] httpx: HTTP Request: GET http://testserver/organisateur/animation/quiz/etat/awa-k-ab12 "HTTP/1.1 200 OK"
2026-10-07 23:09:47,042 [INFO] httpx: HTTP Request: GET http://testserver/organisateur/animation/defis/invites "HTTP/1.1 303 See Other"
2026-10-07 23:09:47,065 [INFO] httpx: HTTP Request: GET http://testserver/organisateur/animation/defis "HTTP/1.1 200 OK"
2026-10-07 23:09:47,219 [INFO] httpx: HTTP Request: GET http://testserver/organisateur/animation/defis/lancer "HTTP/1.1 200 OK"
2026-10-07 23:09:47,229 [INFO] httpx: HTTP Request: POST http://testserver/organisateur/animation/defis/lancer "HTTP/1.1 404 Not Found"
2026-10-07 23:09:47,238 [INFO] httpx: HTTP Request: POST http://testserver/organisateur/animation/defis/lancer "HTTP/1.1 303 See Other"
2026-10-07 23:09:47,250 [INFO] httpx: HTTP Request: GET http://testserver/organisateur/animation/defis/jouer/awa-ab12 "HTTP/1.1 200 OK"
2026-10-07 23:09:47,259 [INFO] httpx: HTTP Request: POST http://testserver/organisateur/animation/defis/jouer/awa-ab12 "HTTP/1.1 200 OK"
2026-10-07 23:09:47,270 [INFO] httpx: HTTP Request: POST http://testserver/organisateur/animation/defis/jouer/awa-ab12 "HTTP/1.1 200 OK"
2026-10-07 23:09:47,279 [INFO] httpx: HTTP Request: GET http://testserver/organisateur/animation/defis/jouer/awa-ab12 "HTTP/1.1 200 OK"
2026-10-07 23:09:47,288 [INFO] httpx: HTTP Request: POST http://testserver/organisateur/animation/defis/jouer/bob-cd34 "HTTP/1.1 200 OK"
2026-10-07 23:09:47,298 [INFO] httpx: HTTP Request: GET http://testserver/organisateur/animation/defis/invites "HTTP/1.1 200 OK"
2026-10-07 23:09:47,310 [INFO] httpx: HTTP Request: POST http://testserver/organisateur/animation/defis/invites/reinitialiser/awa-ab12 "HTTP/1.1 303 See Other"
2026-10-07 23:09:47,320 [INFO] httpx: HTTP Request: GET http://testserver/organisateur/animation/defis/invites "HTTP/1.1 200 OK"
2026-10-07 23:09:47,329 [INFO] httpx: HTTP Request: GET http://testserver/organisateur/animation/defis/jouer/awa-ab12 "HTTP/1.1 200 OK"
2026-10-07 23:09:47,340 [INFO] httpx: HTTP Request: GET http://testserver/organisateur/animation/defis/invites "HTTP/1.1 200 OK"
2026-10-07 23:09:47,349 [INFO] httpx: HTTP Request: POST http://testserver/organisateur/animation/defis/invites/reinitialiser "HTTP/1.1 303 See Other"
2026-10-07 23:09:47,359 [INFO] httpx: HTTP Request: GET http://testserver/organisateur/animation/defis/invites "HTTP/1.1 200 OK"
2026-10-07 23:09:47,369 [INFO] httpx: HTTP Request: GET http://testserver/organisateur/animation/defis/invites "HTTP/1.1 200 OK"
2026-10-07 23:09:58,477 [INFO] httpx: HTTP Request: GET http://testserver/organisateur/animation/quiz/questions "HTTP/1.1 200 OK"
2026-10-07 23:09:58,487 [INFO] httpx: HTTP Request: GET http://testserver/organisateur/animation/quiz/questions "HTTP/1.1 200 OK"
2026-10-07 23:09:58,499 [INFO] httpx: HTTP Request: POST http://testserver/organisateur/animation/quiz/ajouter-question/c1 "HTTP/1.1 303 See Other"
2026-10-07 23:09:58,510 [INFO] httpx: HTTP Request: GET http://testserver/organisateur/animation/quiz/questions "HTTP/1.1 200 OK"
2026-10-07 23:09:58,524 [INFO] httpx: HTTP Request: POST http://testserver/organisateur/animation/quiz/ajouter-question/c1 "HTTP/1.1 303 See Other"
2026-10-07 23:09:58,533 [INFO] httpx: HTTP Request: GET http://testserver/organisateur/animation/quiz/questions "HTTP/1.1 200 OK"
2026-10-07 23:09:58,543 [INFO] httpx: HTTP Request: GET http://testserver/organisateur/animation/quiz/questions "HTTP/1.1 200 OK"
2026-10-07 23:09:58,553 [INFO] httpx: HTTP Request: POST http://testserver/organisateur/animation/quiz/c1/supprimer-question/ae858950-b17f-4053-96b8-99b30839da72 "HTTP/1.1 303 See Other"
2026-10-07 23:09:58,563 [INFO] httpx: HTTP Request: GET http://testserver/organisateur/animation/quiz/questions "HTTP/1.1 200 OK"
2026-10-07 23:09:58,574 [INFO] httpx: HTTP Request: POST http://testserver/organisateur/animation/quiz/ajouter-question/c1 "HTTP/1.1 303 See Other"
2026-10-07 23:09:58,583 [INFO] httpx: HTTP Request: GET http://testserver/organisateur/animation/quiz/questions "HTTP/1.1 200 OK"
2026-10-07 23:09:58,595 [INFO] httpx: HTTP Request: POST http://testserver/organisateur/animation/quiz/supprimer-categorie/c1 "HTTP/1.1 303 See Other"
2026-10-07 23:09:58,606 [INFO] httpx: HTTP Request: GET http://testserver/organisateur/animation/quiz/questions "HTTP/1.1 200 OK"
2026-10-07 23:09:58,613 [INFO] httpx: HTTP Request: POST http://testserver/organisateur/animation/mot-aux-maries/awa-k-ab12 "HTTP/1.1 404 Not Found"
2026-10-07 23:10:22,314 [INFO] httpx: HTTP Request: GET http://testserver/organisateur/animation/mot-aux-maries "HTTP/1.1 200 OK"
2026-10-07 23:10:22,332 [INFO] httpx: HTTP Request: GET http://testserver/organisateur/animation/mot-aux-maries/enregistrer "HTTP/1.1 200 OK"
2026-10-07 23:10:22,345 [INFO] httpx: HTTP Request: POST http://testserver/organisateur/animation/mot-aux-maries/enregistrer "HTTP/1.1 303 See Other"
2026-10-07 23:10:22,363 [INFO] httpx: HTTP Request: GET http://testserver/organisateur/animation/mot-aux-maries/enregistrer/kone-awa-ab12 "HTTP/1.1 200 OK"
2026-10-07 23:10:22,376 [INFO] httpx: HTTP Request: GET http://testserver/organisateur/animation/mot-aux-maries/messages "HTTP/1.1 200 OK"
2026-10-07 23:10:25,392 [ERROR] app.routers.organizers: Un mot aux mariés : envoi vers B2 impossible, vidéo gardée dans C:\Users\YANN-H~1\AppData\Local\Temp\claude\c--Users-Yann-Harold-NGUESSAN-Documents-wed-organizer\f1783202-de6a-4340-bca9-320655a19467\scratchpad\videos_v2\awa-kone\original.mp4 : B2 n'est pas configuré
2026-10-07 23:10:25,398 [INFO] httpx: HTTP Request: POST http://testserver/organisateur/animation/mot-aux-maries/enregistrer/kone-awa-ab12 "HTTP/1.1 200 OK"
2026-10-07 23:10:27,848 [INFO] httpx: HTTP Request: POST http://testserver/organisateur/animation/mot-aux-maries/enregistrer/kone-awa-ab12 "HTTP/1.1 200 OK"
2026-10-07 23:10:30,334 [INFO] httpx: HTTP Request: POST http://testserver/organisateur/animation/mot-aux-maries/enregistrer/le-bob-cd34 "HTTP/1.1 200 OK"
2026-10-07 23:10:30,346 [INFO] httpx: HTTP Request: GET http://testserver/organisateur/animation/mot-aux-maries/messages "HTTP/1.1 200 OK"
2026-10-07 23:10:50,889 [INFO] httpx: HTTP Request: POST http://testserver/organisateur/animation/mot-aux-maries/messages/assembler "HTTP/1.1 303 See Other"
2026-10-07 23:10:50,899 [INFO] httpx: HTTP Request: GET http://testserver/organisateur/animation/mot-aux-maries/messages "HTTP/1.1 200 OK"
2026-10-07 23:10:50,910 [INFO] httpx: HTTP Request: GET http://testserver/organisateur/animation/mot-aux-maries/messages "HTTP/1.1 200 OK"
2026-10-07 23:10:51,098 [INFO] httpx: HTTP Request: POST http://testserver/organisateur/animation/mot-aux-maries/messages/supprimer/bob-le "HTTP/1.1 303 See Other"
2026-10-07 23:10:51,106 [INFO] httpx: HTTP Request: GET http://testserver/organisateur/animation/mot-aux-maries/messages "HTTP/1.1 200 OK"
2026-10-07 23:10:51,114 [INFO] httpx: HTTP Request: GET http://testserver/organisateur/animation/mot-aux-maries/messages "HTTP/1.1 200 OK"
2026-10-07 23:18:06,026 [ERROR] app.storage: B2 : impossible de créer les dossiers (vérifiez la clé dans le .env) : An error occurred (InvalidAccessKeyId) when calling the PutObject operation: Malformed Access Key Id
2026-10-07 23:18:07,159 [ERROR] app.routers.organizers: Un mot aux mariés : lecture de B2 impossible : An error occurred (InvalidAccessKeyId) when calling the ListObjectsV2 operation: Malformed Access Key Id
2026-10-07 23:20:44,167 [ERROR] app.routers.organizers: Un mot aux mariés : envoi vers B2 impossible, vidéo gardée dans videos\invitee-test2\original.mp4 : Connection was closed before we received a valid response from endpoint URL: "https://s3.eu-central-003.backblazeb2.com/testweddingapp/unmotauxmaries/invitee-test2/original.mp4".
2026-10-07 23:26:38,821 [INFO] httpx: HTTP Request: GET http://testserver/organisateur/animation/quiz "HTTP/1.1 200 OK"
2026-10-07 23:26:38,845 [INFO] httpx: HTTP Request: GET http://testserver/organisateur/animation/quiz/lancer "HTTP/1.1 200 OK"
2026-10-07 23:26:38,859 [INFO] httpx: HTTP Request: POST http://testserver/organisateur/animation/quiz/lancer "HTTP/1.1 404 Not Found"
2026-10-07 23:26:38,868 [INFO] httpx: HTTP Request: POST http://testserver/organisateur/animation/quiz/lancer "HTTP/1.1 303 See Other"
2026-10-07 23:26:38,888 [INFO] httpx: HTTP Request: GET http://testserver/organisateur/animation/quiz/jouer/awa-k-ab12 "HTTP/1.1 200 OK"
2026-10-07 23:26:38,902 [INFO] httpx: HTTP Request: GET http://testserver/organisateur/animation/quiz/etat/awa-k-ab12 "HTTP/1.1 200 OK"
2026-10-07 23:26:38,934 [INFO] httpx: HTTP Request: GET http://testserver/organisateur/animation/quiz/superviser "HTTP/1.1 200 OK"
2026-10-07 23:26:38,949 [INFO] httpx: HTTP Request: POST http://testserver/organisateur/animation/quiz/repondre/awa-k-ab12 "HTTP/1.1 409 Conflict"
2026-10-07 23:26:38,959 [INFO] httpx: HTTP Request: POST http://testserver/organisateur/animation/quiz/superviser/demarrer "HTTP/1.1 303 See Other"
2026-10-07 23:26:38,969 [INFO] httpx: HTTP Request: GET http://testserver/organisateur/animation/quiz/etat/awa-k-ab12 "HTTP/1.1 200 OK"
2026-10-07 23:26:38,981 [INFO] httpx: HTTP Request: POST http://testserver/organisateur/animation/quiz/repondre/awa-k-ab12 "HTTP/1.1 200 OK"
2026-10-07 23:26:38,993 [INFO] httpx: HTTP Request: POST http://testserver/organisateur/animation/quiz/repondre/awa-k-ab12 "HTTP/1.1 409 Conflict"
2026-10-07 23:26:39,018 [INFO] httpx: HTTP Request: POST http://testserver/organisateur/animation/quiz/repondre/bob-l-cd34 "HTTP/1.1 200 OK"
2026-10-07 23:26:39,030 [INFO] httpx: HTTP Request: POST http://testserver/organisateur/animation/quiz/repondre/nobody "HTTP/1.1 404 Not Found"
2026-10-07 23:26:39,041 [INFO] httpx: HTTP Request: GET http://testserver/organisateur/animation/quiz/etat/awa-k-ab12 "HTTP/1.1 200 OK"
2026-10-07 23:26:39,054 [INFO] httpx: HTTP Request: GET http://testserver/organisateur/animation/quiz/superviser/etat "HTTP/1.1 200 OK"
2026-10-07 23:26:39,067 [INFO] httpx: HTTP Request: GET http://testserver/organisateur/animation/quiz/superviser "HTTP/1.1 200 OK"
2026-10-07 23:26:39,081 [INFO] httpx: HTTP Request: POST http://testserver/organisateur/animation/quiz/superviser/reveler "HTTP/1.1 303 See Other"
2026-10-07 23:26:39,093 [INFO] httpx: HTTP Request: GET http://testserver/organisateur/animation/quiz/etat/awa-k-ab12 "HTTP/1.1 200 OK"
2026-10-07 23:26:39,107 [INFO] httpx: HTTP Request: GET http://testserver/organisateur/animation/quiz/superviser/etat "HTTP/1.1 200 OK"
2026-10-07 23:26:39,120 [INFO] httpx: HTTP Request: GET http://testserver/organisateur/animation/quiz/superviser "HTTP/1.1 200 OK"
2026-10-07 23:26:39,136 [INFO] httpx: HTTP Request: POST http://testserver/organisateur/animation/quiz/superviser/suivante "HTTP/1.1 303 See Other"
2026-10-07 23:26:39,149 [INFO] httpx: HTTP Request: GET http://testserver/organisateur/animation/quiz/etat/bob-l-cd34 "HTTP/1.1 200 OK"
2026-10-07 23:26:39,162 [INFO] httpx: HTTP Request: POST http://testserver/organisateur/animation/quiz/repondre/bob-l-cd34 "HTTP/1.1 409 Conflict"
2026-10-07 23:26:39,172 [INFO] httpx: HTTP Request: POST http://testserver/organisateur/animation/quiz/repondre/bob-l-cd34 "HTTP/1.1 200 OK"
2026-10-07 23:26:39,181 [INFO] httpx: HTTP Request: POST http://testserver/organisateur/animation/quiz/superviser/reveler "HTTP/1.1 303 See Other"
2026-10-07 23:26:39,194 [INFO] httpx: HTTP Request: GET http://testserver/organisateur/animation/quiz/superviser "HTTP/1.1 200 OK"
2026-10-07 23:26:39,206 [INFO] httpx: HTTP Request: POST http://testserver/organisateur/animation/quiz/superviser/suivante "HTTP/1.1 303 See Other"
2026-10-07 23:26:39,215 [INFO] httpx: HTTP Request: GET http://testserver/organisateur/animation/quiz/etat/awa-k-ab12 "HTTP/1.1 200 OK"
2026-10-07 23:26:39,225 [INFO] httpx: HTTP Request: GET http://testserver/organisateur/animation/quiz/etat/bob-l-cd34 "HTTP/1.1 200 OK"
2026-10-07 23:26:39,236 [INFO] httpx: HTTP Request: GET http://testserver/organisateur/animation/quiz/superviser "HTTP/1.1 200 OK"
2026-10-07 23:26:39,248 [INFO] httpx: HTTP Request: POST http://testserver/organisateur/animation/quiz/superviser/reinitialiser "HTTP/1.1 303 See Other"
2026-10-07 23:26:39,259 [INFO] httpx: HTTP Request: GET http://testserver/organisateur/animation/quiz/etat/awa-k-ab12 "HTTP/1.1 200 OK"
2026-10-07 23:26:47,718 [INFO] httpx: HTTP Request: GET http://testserver/organisateur/animation/defis/invites "HTTP/1.1 303 See Other"
2026-10-07 23:26:47,742 [INFO] httpx: HTTP Request: GET http://testserver/organisateur/animation/defis "HTTP/1.1 200 OK"
2026-10-07 23:26:47,897 [INFO] httpx: HTTP Request: GET http://testserver/organisateur/animation/defis/lancer "HTTP/1.1 200 OK"
2026-10-07 23:26:47,909 [INFO] httpx: HTTP Request: POST http://testserver/organisateur/animation/defis/lancer "HTTP/1.1 404 Not Found"
2026-10-07 23:26:47,918 [INFO] httpx: HTTP Request: POST http://testserver/organisateur/animation/defis/lancer "HTTP/1.1 303 See Other"
2026-10-07 23:26:47,928 [INFO] httpx: HTTP Request: GET http://testserver/organisateur/animation/defis/jouer/awa-ab12 "HTTP/1.1 200 OK"
2026-10-07 23:26:47,938 [INFO] httpx: HTTP Request: POST http://testserver/organisateur/animation/defis/jouer/awa-ab12 "HTTP/1.1 200 OK"
2026-10-07 23:26:47,948 [INFO] httpx: HTTP Request: POST http://testserver/organisateur/animation/defis/jouer/awa-ab12 "HTTP/1.1 200 OK"
2026-10-07 23:26:47,959 [INFO] httpx: HTTP Request: GET http://testserver/organisateur/animation/defis/jouer/awa-ab12 "HTTP/1.1 200 OK"
2026-10-07 23:26:47,968 [INFO] httpx: HTTP Request: POST http://testserver/organisateur/animation/defis/jouer/bob-cd34 "HTTP/1.1 200 OK"
2026-10-07 23:26:47,978 [INFO] httpx: HTTP Request: GET http://testserver/organisateur/animation/defis/invites "HTTP/1.1 200 OK"
2026-10-07 23:26:47,987 [INFO] httpx: HTTP Request: POST http://testserver/organisateur/animation/defis/invites/reinitialiser/awa-ab12 "HTTP/1.1 303 See Other"
2026-10-07 23:26:47,998 [INFO] httpx: HTTP Request: GET http://testserver/organisateur/animation/defis/invites "HTTP/1.1 200 OK"
2026-10-07 23:26:48,008 [INFO] httpx: HTTP Request: GET http://testserver/organisateur/animation/defis/jouer/awa-ab12 "HTTP/1.1 200 OK"
2026-10-07 23:26:48,019 [INFO] httpx: HTTP Request: GET http://testserver/organisateur/animation/defis/invites "HTTP/1.1 200 OK"
2026-10-07 23:26:48,029 [INFO] httpx: HTTP Request: POST http://testserver/organisateur/animation/defis/invites/reinitialiser "HTTP/1.1 303 See Other"
2026-10-07 23:26:48,038 [INFO] httpx: HTTP Request: GET http://testserver/organisateur/animation/defis/invites "HTTP/1.1 200 OK"
2026-10-07 23:26:48,048 [INFO] httpx: HTTP Request: GET http://testserver/organisateur/animation/defis/invites "HTTP/1.1 200 OK"
2026-10-07 23:26:56,623 [INFO] httpx: HTTP Request: GET http://testserver/organisateur/animation/mot-aux-maries "HTTP/1.1 200 OK"
2026-10-07 23:26:56,643 [INFO] httpx: HTTP Request: GET http://testserver/organisateur/animation/mot-aux-maries/enregistrer "HTTP/1.1 200 OK"
2026-10-07 23:26:56,653 [INFO] httpx: HTTP Request: POST http://testserver/organisateur/animation/mot-aux-maries/enregistrer "HTTP/1.1 303 See Other"
2026-10-07 23:26:56,664 [INFO] httpx: HTTP Request: GET http://testserver/organisateur/animation/mot-aux-maries/enregistrer/kone-awa-ab12 "HTTP/1.1 200 OK"
2026-10-07 23:26:56,674 [INFO] httpx: HTTP Request: GET http://testserver/organisateur/animation/mot-aux-maries/messages "HTTP/1.1 200 OK"
2026-10-07 23:26:59,676 [ERROR] app.routers.organizers: Un mot aux mariés : envoi vers B2 impossible, vidéo gardée dans C:\Users\YANN-H~1\AppData\Local\Temp\claude\c--Users-Yann-Harold-NGUESSAN-Documents-wed-organizer\f1783202-de6a-4340-bca9-320655a19467\scratchpad\videos_v2\awa-kone\original.mp4 : B2 n'est pas configuré
2026-10-07 23:26:59,682 [INFO] httpx: HTTP Request: POST http://testserver/organisateur/animation/mot-aux-maries/enregistrer/kone-awa-ab12 "HTTP/1.1 200 OK"
2026-10-07 23:27:02,118 [INFO] httpx: HTTP Request: POST http://testserver/organisateur/animation/mot-aux-maries/enregistrer/kone-awa-ab12 "HTTP/1.1 200 OK"
2026-10-07 23:27:04,481 [INFO] httpx: HTTP Request: POST http://testserver/organisateur/animation/mot-aux-maries/enregistrer/le-bob-cd34 "HTTP/1.1 200 OK"
2026-10-07 23:27:04,492 [INFO] httpx: HTTP Request: GET http://testserver/organisateur/animation/mot-aux-maries/messages "HTTP/1.1 200 OK"
2026-10-07 23:27:26,148 [INFO] httpx: HTTP Request: POST http://testserver/organisateur/animation/mot-aux-maries/messages/assembler "HTTP/1.1 303 See Other"
2026-10-07 23:27:26,156 [INFO] httpx: HTTP Request: GET http://testserver/organisateur/animation/mot-aux-maries/messages "HTTP/1.1 200 OK"
2026-10-07 23:27:26,166 [INFO] httpx: HTTP Request: GET http://testserver/organisateur/animation/mot-aux-maries/messages "HTTP/1.1 200 OK"
2026-10-07 23:27:27,480 [INFO] httpx: HTTP Request: POST http://testserver/organisateur/animation/mot-aux-maries/messages/supprimer/bob-le "HTTP/1.1 303 See Other"
2026-10-07 23:27:27,491 [INFO] httpx: HTTP Request: GET http://testserver/organisateur/animation/mot-aux-maries/messages "HTTP/1.1 200 OK"
2026-10-07 23:27:27,502 [INFO] httpx: HTTP Request: GET http://testserver/organisateur/animation/mot-aux-maries/messages "HTTP/1.1 200 OK"
2026-10-07 23:27:45,652 [INFO] httpx: HTTP Request: GET http://testserver/ "HTTP/1.1 200 OK"
2026-10-07 23:27:45,673 [INFO] httpx: HTTP Request: GET http://testserver/organisateur/login "HTTP/1.1 200 OK"
2026-10-07 23:27:45,683 [INFO] httpx: HTTP Request: GET http://testserver/organisateur/mot-de-passe-oublie "HTTP/1.1 404 Not Found"
2026-10-07 23:27:45,698 [INFO] httpx: HTTP Request: GET http://testserver/organisateur/animation "HTTP/1.1 200 OK"
2026-10-07 23:27:45,756 [INFO] httpx: HTTP Request: GET http://testserver/organisateur/animation/quiz "HTTP/1.1 200 OK"
2026-10-07 23:27:45,785 [INFO] httpx: HTTP Request: GET http://testserver/organisateur/animation/defis "HTTP/1.1 200 OK"
2026-10-07 23:27:45,985 [INFO] httpx: HTTP Request: GET http://testserver/organisateur/animation/mot-aux-maries "HTTP/1.1 200 OK"
2026-10-07 23:28:04,980 [INFO] httpx: HTTP Request: GET http://testserver/ "HTTP/1.1 200 OK"
2026-10-07 23:28:04,996 [INFO] httpx: HTTP Request: GET http://testserver/organisateur/login "HTTP/1.1 200 OK"
2026-10-07 23:28:05,010 [INFO] httpx: HTTP Request: GET http://testserver/organisateur/request-password-reset "HTTP/1.1 200 OK"
2026-10-07 23:33:43,858 [ERROR] app.storage: B2 : impossible de créer les dossiers (vérifiez la clé dans le .env) : Connection was closed before we received a valid response from endpoint URL: "https://s3.eu-central-003.backblazeb2.com/testweddingapp/quiz/.bzEmpty".
2026-10-07 23:40:08,160 [ERROR] app.storage: B2 : impossible de créer les dossiers (vérifiez la clé dans le .env) : Connection was closed before we received a valid response from endpoint URL: "https://s3.eu-central-003.backblazeb2.com/testweddingapp/quiz/.bzEmpty".
2026-10-07 23:40:22,061 [ERROR] app.routers.organizers: Un mot aux mariés : envoi vers B2 impossible, vidéo gardée dans videos\invitee-test2\original.mp4 : SSL validation failed for https://s3.eu-central-003.backblazeb2.com/testweddingapp/unmotauxmaries/invitee-test2/original.mp4 EOF occurred in violation of protocol (_ssl.c:2423)
2026-10-07 23:40:59,298 [ERROR] app.routers.organizers: Un mot aux mariés : envoi vers B2 impossible, vidéo gardée dans videos\abi-mengue\original.mp4 : Connection was closed before we received a valid response from endpoint URL: "https://s3.eu-central-003.backblazeb2.com/testweddingapp/unmotauxmaries/abi-mengue/original.mp4".
2026-10-07 23:41:12,705 [ERROR] app.routers.organizers: Un mot aux mariés : lecture de B2 impossible : An error occurred (InvalidAccessKeyId) when calling the ListObjectsV2 operation: Malformed Access Key Id
2026-10-08 07:41:51,548 [INFO] httpx: HTTP Request: GET http://testserver/organisateur/animation "HTTP/1.1 303 See Other"
2026-10-08 07:41:51,554 [INFO] httpx: HTTP Request: GET http://testserver/organisateur/animation/quiz "HTTP/1.1 303 See Other"
2026-10-08 07:41:51,559 [INFO] httpx: HTTP Request: GET http://testserver/organisateur/animation/defis "HTTP/1.1 303 See Other"
2026-10-08 07:41:51,566 [INFO] httpx: HTTP Request: GET http://testserver/organisateur/animation/mot-aux-maries "HTTP/1.1 303 See Other"
2026-10-08 07:41:51,573 [INFO] httpx: HTTP Request: GET http://testserver/organisateur/animation/quiz/superviser "HTTP/1.1 303 See Other"
2026-10-08 07:41:51,579 [INFO] httpx: HTTP Request: GET http://testserver/organisateur/animation/defis/invites "HTTP/1.1 303 See Other"
2026-10-08 07:41:51,584 [INFO] httpx: HTTP Request: GET http://testserver/organisateur/animation/mot-aux-maries/messages "HTTP/1.1 303 See Other"
2026-10-08 07:41:51,591 [INFO] httpx: HTTP Request: GET http://testserver/organisateur/animation/quiz/questions "HTTP/1.1 303 See Other"
2026-10-08 07:41:51,596 [INFO] httpx: HTTP Request: POST http://testserver/organisateur/animation/quiz/ajouter-categorie "HTTP/1.1 303 See Other"
2026-10-08 07:41:51,602 [INFO] httpx: HTTP Request: GET http://testserver/organisateur/animation/defis/ajouter "HTTP/1.1 303 See Other"
2026-10-08 07:41:51,607 [INFO] httpx: HTTP Request: POST http://testserver/organisateur/animation/defis/ajouter "HTTP/1.1 303 See Other"
2026-10-08 07:41:51,613 [INFO] httpx: HTTP Request: POST http://testserver/organisateur/animation/defis/supprimer/x "HTTP/1.1 303 See Other"
2026-10-08 07:41:51,620 [INFO] httpx: HTTP Request: POST http://testserver/organisateur/animation/quiz/supprimer-categorie/x "HTTP/1.1 303 See Other"
2026-10-08 07:41:51,634 [INFO] httpx: HTTP Request: GET http://testserver/organisateur/animation/quiz/lancer "HTTP/1.1 200 OK"
2026-10-08 07:41:51,648 [INFO] httpx: HTTP Request: GET http://testserver/organisateur/animation/defis/lancer "HTTP/1.1 200 OK"
2026-10-08 07:41:51,660 [INFO] httpx: HTTP Request: GET http://testserver/organisateur/animation/mot-aux-maries/enregistrer "HTTP/1.1 200 OK"
2026-10-08 07:41:51,669 [INFO] httpx: HTTP Request: GET http://testserver/organisateur/animation "HTTP/1.1 200 OK"
2026-10-08 07:41:51,692 [INFO] httpx: HTTP Request: GET http://testserver/organisateur/animation/quiz "HTTP/1.1 200 OK"
2026-10-08 07:41:51,706 [INFO] httpx: HTTP Request: GET http://testserver/organisateur/animation/defis "HTTP/1.1 200 OK"
2026-10-08 07:41:51,721 [INFO] httpx: HTTP Request: GET http://testserver/organisateur/animation/mot-aux-maries "HTTP/1.1 200 OK"
2026-10-08 07:41:51,742 [INFO] httpx: HTTP Request: GET http://testserver/organisateur/animation/quiz/superviser "HTTP/1.1 200 OK"
2026-10-08 07:41:51,748 [INFO] httpx: HTTP Request: GET http://testserver/organisateur/animation/defis/invites "HTTP/1.1 200 OK"
2026-10-08 07:41:51,755 [INFO] httpx: HTTP Request: GET http://testserver/organisateur/animation/mot-aux-maries/messages "HTTP/1.1 200 OK"
2026-10-08 07:41:51,760 [INFO] httpx: HTTP Request: GET http://testserver/organisateur/animation/quiz/questions "HTTP/1.1 200 OK"
2026-10-08 07:41:51,766 [INFO] httpx: HTTP Request: POST http://testserver/organisateur/animation/quiz/ajouter-categorie "HTTP/1.1 303 See Other"
2026-10-08 07:41:51,773 [INFO] httpx: HTTP Request: GET http://testserver/organisateur/animation/defis/ajouter "HTTP/1.1 200 OK"
2026-10-08 07:41:51,779 [INFO] httpx: HTTP Request: POST http://testserver/organisateur/animation/defis/ajouter "HTTP/1.1 303 See Other"
2026-10-08 07:41:51,785 [INFO] httpx: HTTP Request: POST http://testserver/organisateur/animation/defis/supprimer/x "HTTP/1.1 303 See Other"
2026-10-08 07:41:51,791 [INFO] httpx: HTTP Request: POST http://testserver/organisateur/animation/quiz/supprimer-categorie/x "HTTP/1.1 303 See Other"
2026-10-08 07:41:51,797 [INFO] httpx: HTTP Request: GET http://testserver/organisateur/animation/quiz "HTTP/1.1 200 OK"
2026-10-08 07:41:51,804 [INFO] httpx: HTTP Request: GET http://testserver/organisateur/animation/defis "HTTP/1.1 200 OK"
2026-10-08 07:41:51,810 [INFO] httpx: HTTP Request: GET http://testserver/organisateur/animation "HTTP/1.1 200 OK"
2026-10-08 07:41:51,820 [INFO] httpx: HTTP Request: GET http://testserver/organisateur/animation/quiz "HTTP/1.1 200 OK"
2026-10-08 07:41:51,827 [INFO] httpx: HTTP Request: GET http://testserver/organisateur/animation/defis "HTTP/1.1 200 OK"
2026-10-08 07:41:51,834 [INFO] httpx: HTTP Request: GET http://testserver/organisateur/animation/mot-aux-maries "HTTP/1.1 200 OK"
2026-10-08 07:41:51,841 [INFO] httpx: HTTP Request: GET http://testserver/organisateur/animation/quiz/superviser "HTTP/1.1 200 OK"
2026-10-08 07:41:51,847 [INFO] httpx: HTTP Request: GET http://testserver/organisateur/animation/defis/invites "HTTP/1.1 200 OK"
2026-10-08 07:41:51,854 [INFO] httpx: HTTP Request: GET http://testserver/organisateur/animation/mot-aux-maries/messages "HTTP/1.1 200 OK"
2026-10-08 07:41:51,859 [INFO] httpx: HTTP Request: GET http://testserver/organisateur/animation/quiz/questions "HTTP/1.1 303 See Other"
2026-10-08 07:41:51,866 [INFO] httpx: HTTP Request: POST http://testserver/organisateur/animation/quiz/ajouter-categorie "HTTP/1.1 303 See Other"
2026-10-08 07:41:51,871 [INFO] httpx: HTTP Request: GET http://testserver/organisateur/animation/defis/ajouter "HTTP/1.1 303 See Other"
2026-10-08 07:41:51,878 [INFO] httpx: HTTP Request: POST http://testserver/organisateur/animation/defis/ajouter "HTTP/1.1 303 See Other"
2026-10-08 07:41:51,884 [INFO] httpx: HTTP Request: POST http://testserver/organisateur/animation/defis/supprimer/x "HTTP/1.1 303 See Other"
2026-10-08 07:41:51,889 [INFO] httpx: HTTP Request: POST http://testserver/organisateur/animation/quiz/supprimer-categorie/x "HTTP/1.1 303 See Other"
2026-10-08 07:41:51,895 [INFO] httpx: HTTP Request: GET http://testserver/organisateur/animation/quiz "HTTP/1.1 200 OK"
2026-10-08 07:41:51,901 [INFO] httpx: HTTP Request: GET http://testserver/organisateur/animation/defis "HTTP/1.1 200 OK"
2026-10-08 07:41:51,907 [INFO] httpx: HTTP Request: GET http://testserver/organisateur/animation "HTTP/1.1 200 OK"
2026-10-08 07:41:51,916 [INFO] httpx: HTTP Request: GET http://testserver/organisateur/animation/quiz "HTTP/1.1 200 OK"
2026-10-08 07:41:51,923 [INFO] httpx: HTTP Request: GET http://testserver/organisateur/animation/defis "HTTP/1.1 200 OK"
2026-10-08 07:41:51,932 [INFO] httpx: HTTP Request: GET http://testserver/organisateur/animation/mot-aux-maries "HTTP/1.1 200 OK"
2026-10-08 07:41:51,940 [INFO] httpx: HTTP Request: GET http://testserver/organisateur/animation/quiz/superviser "HTTP/1.1 200 OK"
2026-10-08 07:41:51,947 [INFO] httpx: HTTP Request: GET http://testserver/organisateur/animation/defis/invites "HTTP/1.1 200 OK"
2026-10-08 07:41:51,954 [INFO] httpx: HTTP Request: GET http://testserver/organisateur/animation/mot-aux-maries/messages "HTTP/1.1 200 OK"
2026-10-08 07:41:51,960 [INFO] httpx: HTTP Request: GET http://testserver/organisateur/animation/quiz/questions "HTTP/1.1 303 See Other"
2026-10-08 07:41:51,968 [INFO] httpx: HTTP Request: POST http://testserver/organisateur/animation/quiz/ajouter-categorie "HTTP/1.1 303 See Other"
2026-10-08 07:41:51,973 [INFO] httpx: HTTP Request: GET http://testserver/organisateur/animation/defis/ajouter "HTTP/1.1 303 See Other"
2026-10-08 07:41:51,981 [INFO] httpx: HTTP Request: POST http://testserver/organisateur/animation/defis/ajouter "HTTP/1.1 303 See Other"
2026-10-08 07:41:51,989 [INFO] httpx: HTTP Request: POST http://testserver/organisateur/animation/defis/supprimer/x "HTTP/1.1 303 See Other"
2026-10-08 07:41:51,995 [INFO] httpx: HTTP Request: POST http://testserver/organisateur/animation/quiz/supprimer-categorie/x "HTTP/1.1 303 See Other"
2026-10-08 07:41:52,001 [INFO] httpx: HTTP Request: GET http://testserver/organisateur/animation/quiz "HTTP/1.1 200 OK"
2026-10-08 07:41:52,008 [INFO] httpx: HTTP Request: GET http://testserver/organisateur/animation/defis "HTTP/1.1 200 OK"
2026-10-08 07:41:52,014 [INFO] httpx: HTTP Request: GET http://testserver/organisateur/animation "HTTP/1.1 200 OK"
2026-10-08 07:41:52,020 [INFO] httpx: HTTP Request: GET http://testserver/organisateur/animation/quiz "HTTP/1.1 200 OK"
2026-10-08 07:41:52,026 [INFO] httpx: HTTP Request: GET http://testserver/organisateur/animation/defis "HTTP/1.1 200 OK"
2026-10-08 07:41:52,034 [INFO] httpx: HTTP Request: GET http://testserver/organisateur/animation/mot-aux-maries "HTTP/1.1 200 OK"
2026-10-08 07:41:52,042 [INFO] httpx: HTTP Request: GET http://testserver/organisateur/animation/quiz/superviser "HTTP/1.1 200 OK"
2026-10-08 07:41:52,049 [INFO] httpx: HTTP Request: GET http://testserver/organisateur/animation/defis/invites "HTTP/1.1 200 OK"
2026-10-08 07:41:52,055 [INFO] httpx: HTTP Request: GET http://testserver/organisateur/animation/mot-aux-maries/messages "HTTP/1.1 200 OK"
2026-10-08 07:41:52,060 [INFO] httpx: HTTP Request: GET http://testserver/organisateur/animation/quiz/questions "HTTP/1.1 303 See Other"
2026-10-08 07:41:52,069 [INFO] httpx: HTTP Request: POST http://testserver/organisateur/animation/quiz/ajouter-categorie "HTTP/1.1 303 See Other"
2026-10-08 07:41:52,076 [INFO] httpx: HTTP Request: GET http://testserver/organisateur/animation/defis/ajouter "HTTP/1.1 303 See Other"
2026-10-08 07:41:52,082 [INFO] httpx: HTTP Request: POST http://testserver/organisateur/animation/defis/ajouter "HTTP/1.1 303 See Other"
2026-10-08 07:41:52,091 [INFO] httpx: HTTP Request: POST http://testserver/organisateur/animation/defis/supprimer/x "HTTP/1.1 303 See Other"
2026-10-08 07:41:52,097 [INFO] httpx: HTTP Request: POST http://testserver/organisateur/animation/quiz/supprimer-categorie/x "HTTP/1.1 303 See Other"
2026-10-08 07:41:52,103 [INFO] httpx: HTTP Request: GET http://testserver/organisateur/animation/quiz "HTTP/1.1 200 OK"
2026-10-08 07:41:52,110 [INFO] httpx: HTTP Request: GET http://testserver/organisateur/animation/defis "HTTP/1.1 200 OK"
2026-10-08 07:41:52,116 [INFO] httpx: HTTP Request: GET http://testserver/organisateur/animation "HTTP/1.1 303 See Other"
2026-10-08 07:41:52,121 [INFO] httpx: HTTP Request: GET http://testserver/organisateur/animation/quiz "HTTP/1.1 303 See Other"
2026-10-08 07:41:52,127 [INFO] httpx: HTTP Request: GET http://testserver/organisateur/animation/defis "HTTP/1.1 303 See Other"
2026-10-08 07:41:52,134 [INFO] httpx: HTTP Request: GET http://testserver/organisateur/animation/mot-aux-maries "HTTP/1.1 303 See Other"
2026-10-08 07:41:52,141 [INFO] httpx: HTTP Request: GET http://testserver/organisateur/animation/quiz/superviser "HTTP/1.1 303 See Other"
2026-10-08 07:41:52,148 [INFO] httpx: HTTP Request: GET http://testserver/organisateur/animation/defis/invites "HTTP/1.1 303 See Other"
2026-10-08 07:41:52,155 [INFO] httpx: HTTP Request: GET http://testserver/organisateur/animation/mot-aux-maries/messages "HTTP/1.1 303 See Other"
2026-10-08 07:41:52,161 [INFO] httpx: HTTP Request: GET http://testserver/organisateur/animation/quiz/questions "HTTP/1.1 303 See Other"
2026-10-08 07:41:52,169 [INFO] httpx: HTTP Request: POST http://testserver/organisateur/animation/quiz/ajouter-categorie "HTTP/1.1 303 See Other"
2026-10-08 07:41:52,177 [INFO] httpx: HTTP Request: GET http://testserver/organisateur/animation/defis/ajouter "HTTP/1.1 303 See Other"
2026-10-08 07:41:52,183 [INFO] httpx: HTTP Request: POST http://testserver/organisateur/animation/defis/ajouter "HTTP/1.1 303 See Other"
2026-10-08 07:41:52,190 [INFO] httpx: HTTP Request: POST http://testserver/organisateur/animation/defis/supprimer/x "HTTP/1.1 303 See Other"
2026-10-08 07:41:52,197 [INFO] httpx: HTTP Request: POST http://testserver/organisateur/animation/quiz/supprimer-categorie/x "HTTP/1.1 303 See Other"
2026-10-08 07:41:52,202 [INFO] httpx: HTTP Request: GET http://testserver/organisateur/animation "HTTP/1.1 303 See Other"
2026-10-08 07:41:52,208 [INFO] httpx: HTTP Request: GET http://testserver/organisateur/animation/quiz "HTTP/1.1 303 See Other"
2026-10-08 07:41:52,215 [INFO] httpx: HTTP Request: GET http://testserver/organisateur/animation/defis "HTTP/1.1 303 See Other"
2026-10-08 07:41:52,221 [INFO] httpx: HTTP Request: GET http://testserver/organisateur/animation/mot-aux-maries "HTTP/1.1 303 See Other"
2026-10-08 07:41:52,231 [INFO] httpx: HTTP Request: GET http://testserver/organisateur/animation/quiz/superviser "HTTP/1.1 303 See Other"
2026-10-08 07:41:52,239 [INFO] httpx: HTTP Request: GET http://testserver/organisateur/animation/defis/invites "HTTP/1.1 303 See Other"
2026-10-08 07:41:52,246 [INFO] httpx: HTTP Request: GET http://testserver/organisateur/animation/mot-aux-maries/messages "HTTP/1.1 303 See Other"
2026-10-08 07:41:52,252 [INFO] httpx: HTTP Request: GET http://testserver/organisateur/animation/quiz/questions "HTTP/1.1 303 See Other"
2026-10-08 07:41:52,258 [INFO] httpx: HTTP Request: POST http://testserver/organisateur/animation/quiz/ajouter-categorie "HTTP/1.1 303 See Other"
2026-10-08 07:41:52,264 [INFO] httpx: HTTP Request: GET http://testserver/organisateur/animation/defis/ajouter "HTTP/1.1 303 See Other"
2026-10-08 07:41:52,270 [INFO] httpx: HTTP Request: POST http://testserver/organisateur/animation/defis/ajouter "HTTP/1.1 303 See Other"
2026-10-08 07:41:52,276 [INFO] httpx: HTTP Request: POST http://testserver/organisateur/animation/defis/supprimer/x "HTTP/1.1 303 See Other"
2026-10-08 07:41:52,284 [INFO] httpx: HTTP Request: POST http://testserver/organisateur/animation/quiz/supprimer-categorie/x "HTTP/1.1 303 See Other"
2026-10-08 07:41:52,291 [INFO] httpx: HTTP Request: GET http://testserver/organisateur/animation "HTTP/1.1 303 See Other"
2026-10-08 07:41:52,297 [INFO] httpx: HTTP Request: GET http://testserver/organisateur/animation/quiz "HTTP/1.1 303 See Other"
2026-10-08 07:41:52,304 [INFO] httpx: HTTP Request: GET http://testserver/organisateur/animation/defis "HTTP/1.1 303 See Other"
2026-10-08 07:41:52,309 [INFO] httpx: HTTP Request: GET http://testserver/organisateur/animation/mot-aux-maries "HTTP/1.1 303 See Other"
2026-10-08 07:41:52,316 [INFO] httpx: HTTP Request: GET http://testserver/organisateur/animation/quiz/superviser "HTTP/1.1 303 See Other"
2026-10-08 07:41:52,321 [INFO] httpx: HTTP Request: GET http://testserver/organisateur/animation/defis/invites "HTTP/1.1 303 See Other"
2026-10-08 07:41:52,327 [INFO] httpx: HTTP Request: GET http://testserver/organisateur/animation/mot-aux-maries/messages "HTTP/1.1 303 See Other"
2026-10-08 07:41:52,335 [INFO] httpx: HTTP Request: GET http://testserver/organisateur/animation/quiz/questions "HTTP/1.1 303 See Other"
2026-10-08 07:41:52,342 [INFO] httpx: HTTP Request: POST http://testserver/organisateur/animation/quiz/ajouter-categorie "HTTP/1.1 303 See Other"
2026-10-08 07:41:52,349 [INFO] httpx: HTTP Request: GET http://testserver/organisateur/animation/defis/ajouter "HTTP/1.1 303 See Other"
2026-10-08 07:41:52,355 [INFO] httpx: HTTP Request: POST http://testserver/organisateur/animation/defis/ajouter "HTTP/1.1 303 See Other"
2026-10-08 07:41:52,361 [INFO] httpx: HTTP Request: POST http://testserver/organisateur/animation/defis/supprimer/x "HTTP/1.1 303 See Other"
2026-10-08 07:41:52,367 [INFO] httpx: HTTP Request: POST http://testserver/organisateur/animation/quiz/supprimer-categorie/x "HTTP/1.1 303 See Other"
2026-10-08 07:42:05,091 [INFO] httpx: HTTP Request: GET http://testserver/organisateur/animation/quiz "HTTP/1.1 200 OK"
2026-10-08 07:42:05,103 [INFO] httpx: HTTP Request: GET http://testserver/organisateur/animation/quiz/lancer "HTTP/1.1 200 OK"
2026-10-08 07:42:05,109 [INFO] httpx: HTTP Request: POST http://testserver/organisateur/animation/quiz/lancer "HTTP/1.1 404 Not Found"
2026-10-08 07:42:05,115 [INFO] httpx: HTTP Request: POST http://testserver/organisateur/animation/quiz/lancer "HTTP/1.1 303 See Other"
2026-10-08 07:42:05,121 [INFO] httpx: HTTP Request: GET http://testserver/organisateur/animation/quiz/jouer/awa-k-ab12 "HTTP/1.1 200 OK"
2026-10-08 07:42:05,126 [INFO] httpx: HTTP Request: GET http://testserver/organisateur/animation/quiz/etat/awa-k-ab12 "HTTP/1.1 200 OK"
2026-10-08 07:42:05,151 [INFO] httpx: HTTP Request: GET http://testserver/organisateur/animation/quiz/superviser "HTTP/1.1 200 OK"
2026-10-08 07:42:05,157 [INFO] httpx: HTTP Request: POST http://testserver/organisateur/animation/quiz/repondre/awa-k-ab12 "HTTP/1.1 409 Conflict"
2026-10-08 07:42:05,165 [INFO] httpx: HTTP Request: POST http://testserver/organisateur/animation/quiz/superviser/demarrer "HTTP/1.1 303 See Other"
2026-10-08 07:42:05,170 [INFO] httpx: HTTP Request: GET http://testserver/organisateur/animation/quiz/etat/awa-k-ab12 "HTTP/1.1 200 OK"
2026-10-08 07:42:05,176 [INFO] httpx: HTTP Request: POST http://testserver/organisateur/animation/quiz/repondre/awa-k-ab12 "HTTP/1.1 200 OK"
2026-10-08 07:42:05,181 [INFO] httpx: HTTP Request: POST http://testserver/organisateur/animation/quiz/repondre/awa-k-ab12 "HTTP/1.1 409 Conflict"
2026-10-08 07:42:05,187 [INFO] httpx: HTTP Request: POST http://testserver/organisateur/animation/quiz/repondre/bob-l-cd34 "HTTP/1.1 200 OK"
2026-10-08 07:42:05,193 [INFO] httpx: HTTP Request: POST http://testserver/organisateur/animation/quiz/repondre/nobody "HTTP/1.1 404 Not Found"
2026-10-08 07:42:05,198 [INFO] httpx: HTTP Request: GET http://testserver/organisateur/animation/quiz/etat/awa-k-ab12 "HTTP/1.1 200 OK"
2026-10-08 07:42:05,204 [INFO] httpx: HTTP Request: GET http://testserver/organisateur/animation/quiz/superviser/etat "HTTP/1.1 200 OK"
2026-10-08 07:42:05,212 [INFO] httpx: HTTP Request: GET http://testserver/organisateur/animation/quiz/superviser "HTTP/1.1 200 OK"
2026-10-08 07:42:05,219 [INFO] httpx: HTTP Request: POST http://testserver/organisateur/animation/quiz/superviser/reveler "HTTP/1.1 303 See Other"
2026-10-08 07:42:05,224 [INFO] httpx: HTTP Request: GET http://testserver/organisateur/animation/quiz/etat/awa-k-ab12 "HTTP/1.1 200 OK"
2026-10-08 07:42:05,230 [INFO] httpx: HTTP Request: GET http://testserver/organisateur/animation/quiz/superviser/etat "HTTP/1.1 200 OK"
2026-10-08 07:42:05,236 [INFO] httpx: HTTP Request: GET http://testserver/organisateur/animation/quiz/superviser "HTTP/1.1 200 OK"
2026-10-08 07:42:05,242 [INFO] httpx: HTTP Request: POST http://testserver/organisateur/animation/quiz/superviser/suivante "HTTP/1.1 303 See Other"
2026-10-08 07:42:05,248 [INFO] httpx: HTTP Request: GET http://testserver/organisateur/animation/quiz/etat/bob-l-cd34 "HTTP/1.1 200 OK"
2026-10-08 07:42:05,255 [INFO] httpx: HTTP Request: POST http://testserver/organisateur/animation/quiz/repondre/bob-l-cd34 "HTTP/1.1 409 Conflict"
2026-10-08 07:42:05,262 [INFO] httpx: HTTP Request: POST http://testserver/organisateur/animation/quiz/repondre/bob-l-cd34 "HTTP/1.1 200 OK"
2026-10-08 07:42:05,268 [INFO] httpx: HTTP Request: POST http://testserver/organisateur/animation/quiz/superviser/reveler "HTTP/1.1 303 See Other"
2026-10-08 07:42:05,274 [INFO] httpx: HTTP Request: GET http://testserver/organisateur/animation/quiz/superviser "HTTP/1.1 200 OK"
2026-10-08 07:42:05,281 [INFO] httpx: HTTP Request: POST http://testserver/organisateur/animation/quiz/superviser/suivante "HTTP/1.1 303 See Other"
2026-10-08 07:42:05,287 [INFO] httpx: HTTP Request: GET http://testserver/organisateur/animation/quiz/etat/awa-k-ab12 "HTTP/1.1 200 OK"
2026-10-08 07:42:05,292 [INFO] httpx: HTTP Request: GET http://testserver/organisateur/animation/quiz/etat/bob-l-cd34 "HTTP/1.1 200 OK"
2026-10-08 07:42:05,298 [INFO] httpx: HTTP Request: GET http://testserver/organisateur/animation/quiz/superviser "HTTP/1.1 200 OK"
2026-10-08 07:42:05,304 [INFO] httpx: HTTP Request: POST http://testserver/organisateur/animation/quiz/superviser/reinitialiser "HTTP/1.1 303 See Other"
2026-10-08 07:42:05,310 [INFO] httpx: HTTP Request: GET http://testserver/organisateur/animation/quiz/etat/awa-k-ab12 "HTTP/1.1 200 OK"
2026-10-08 07:42:10,681 [INFO] httpx: HTTP Request: GET http://testserver/organisateur/animation/defis/invites "HTTP/1.1 303 See Other"
2026-10-08 07:42:10,699 [INFO] httpx: HTTP Request: GET http://testserver/organisateur/animation/defis "HTTP/1.1 200 OK"
2026-10-08 07:42:10,712 [INFO] httpx: HTTP Request: GET http://testserver/organisateur/animation/defis/lancer "HTTP/1.1 200 OK"
2026-10-08 07:42:10,718 [INFO] httpx: HTTP Request: POST http://testserver/organisateur/animation/defis/lancer "HTTP/1.1 404 Not Found"
2026-10-08 07:42:10,723 [INFO] httpx: HTTP Request: POST http://testserver/organisateur/animation/defis/lancer "HTTP/1.1 303 See Other"
2026-10-08 07:42:10,729 [INFO] httpx: HTTP Request: GET http://testserver/organisateur/animation/defis/jouer/awa-ab12 "HTTP/1.1 200 OK"
2026-10-08 07:42:10,735 [INFO] httpx: HTTP Request: POST http://testserver/organisateur/animation/defis/jouer/awa-ab12 "HTTP/1.1 200 OK"
2026-10-08 07:42:10,741 [INFO] httpx: HTTP Request: POST http://testserver/organisateur/animation/defis/jouer/awa-ab12 "HTTP/1.1 200 OK"
2026-10-08 07:42:10,746 [INFO] httpx: HTTP Request: GET http://testserver/organisateur/animation/defis/jouer/awa-ab12 "HTTP/1.1 200 OK"
2026-10-08 07:42:10,752 [INFO] httpx: HTTP Request: POST http://testserver/organisateur/animation/defis/jouer/bob-cd34 "HTTP/1.1 200 OK"
2026-10-08 07:42:10,758 [INFO] httpx: HTTP Request: GET http://testserver/organisateur/animation/defis/invites "HTTP/1.1 200 OK"
2026-10-08 07:42:10,763 [INFO] httpx: HTTP Request: POST http://testserver/organisateur/animation/defis/invites/reinitialiser/awa-ab12 "HTTP/1.1 303 See Other"
2026-10-08 07:42:10,771 [INFO] httpx: HTTP Request: GET http://testserver/organisateur/animation/defis/invites "HTTP/1.1 200 OK"
2026-10-08 07:42:10,779 [INFO] httpx: HTTP Request: GET http://testserver/organisateur/animation/defis/jouer/awa-ab12 "HTTP/1.1 200 OK"
2026-10-08 07:42:10,785 [INFO] httpx: HTTP Request: GET http://testserver/organisateur/animation/defis/invites "HTTP/1.1 200 OK"
2026-10-08 07:42:10,791 [INFO] httpx: HTTP Request: POST http://testserver/organisateur/animation/defis/invites/reinitialiser "HTTP/1.1 303 See Other"
2026-10-08 07:42:10,798 [INFO] httpx: HTTP Request: GET http://testserver/organisateur/animation/defis/invites "HTTP/1.1 200 OK"
2026-10-08 07:42:10,804 [INFO] httpx: HTTP Request: GET http://testserver/organisateur/animation/defis/invites "HTTP/1.1 200 OK"
2026-10-08 07:42:16,440 [INFO] httpx: HTTP Request: GET http://testserver/organisateur/animation/mot-aux-maries "HTTP/1.1 200 OK"
2026-10-08 07:42:16,454 [INFO] httpx: HTTP Request: GET http://testserver/organisateur/animation/mot-aux-maries/enregistrer "HTTP/1.1 200 OK"
2026-10-08 07:42:16,461 [INFO] httpx: HTTP Request: POST http://testserver/organisateur/animation/mot-aux-maries/enregistrer "HTTP/1.1 303 See Other"
2026-10-08 07:42:16,468 [INFO] httpx: HTTP Request: GET http://testserver/organisateur/animation/mot-aux-maries/enregistrer/kone-awa-ab12 "HTTP/1.1 200 OK"
2026-10-08 07:42:16,474 [INFO] httpx: HTTP Request: GET http://testserver/organisateur/animation/mot-aux-maries/messages "HTTP/1.1 200 OK"
2026-10-08 07:42:19,548 [ERROR] app.routers.organizers: Un mot aux mariés : envoi vers B2 impossible, vidéo gardée dans C:\Users\YANN-H~1\AppData\Local\Temp\claude\c--Users-Yann-Harold-NGUESSAN-Documents-wed-organizer\f1783202-de6a-4340-bca9-320655a19467\scratchpad\videos_v2\awa-kone\original.mp4 : B2 n'est pas configuré
2026-10-08 07:42:19,553 [INFO] httpx: HTTP Request: POST http://testserver/organisateur/animation/mot-aux-maries/enregistrer/kone-awa-ab12 "HTTP/1.1 200 OK"
2026-10-08 07:42:21,396 [INFO] httpx: HTTP Request: POST http://testserver/organisateur/animation/mot-aux-maries/enregistrer/kone-awa-ab12 "HTTP/1.1 200 OK"
2026-10-08 07:42:23,338 [INFO] httpx: HTTP Request: POST http://testserver/organisateur/animation/mot-aux-maries/enregistrer/le-bob-cd34 "HTTP/1.1 200 OK"
2026-10-08 07:42:23,345 [INFO] httpx: HTTP Request: GET http://testserver/organisateur/animation/mot-aux-maries/messages "HTTP/1.1 200 OK"
2026-10-08 07:42:40,892 [INFO] httpx: HTTP Request: POST http://testserver/organisateur/animation/mot-aux-maries/messages/assembler "HTTP/1.1 303 See Other"
2026-10-08 07:42:40,900 [INFO] httpx: HTTP Request: GET http://testserver/organisateur/animation/mot-aux-maries/messages "HTTP/1.1 200 OK"
2026-10-08 07:42:40,908 [INFO] httpx: HTTP Request: GET http://testserver/organisateur/animation/mot-aux-maries/messages "HTTP/1.1 200 OK"
2026-10-08 07:42:41,096 [INFO] httpx: HTTP Request: POST http://testserver/organisateur/animation/mot-aux-maries/messages/supprimer/bob-le "HTTP/1.1 303 See Other"
2026-10-08 07:42:41,102 [INFO] httpx: HTTP Request: GET http://testserver/organisateur/animation/mot-aux-maries/messages "HTTP/1.1 200 OK"
2026-10-08 07:42:41,109 [INFO] httpx: HTTP Request: GET http://testserver/organisateur/animation/mot-aux-maries/messages "HTTP/1.1 200 OK"
2026-10-08 07:48:18,521 [INFO] httpx: HTTP Request: GET http://testserver/organisateur/ajouter-invit%C3%A9 "HTTP/1.1 303 See Other"
2026-10-08 07:48:18,529 [INFO] httpx: HTTP Request: POST http://testserver/organisateur/ajouter-invit%C3%A9 "HTTP/1.1 303 See Other"
2026-10-08 07:48:18,573 [INFO] httpx: HTTP Request: GET http://testserver/organisateur/ajouter-invit%C3%A9 "HTTP/1.1 200 OK"
2026-10-08 07:48:18,583 [INFO] httpx: HTTP Request: POST http://testserver/organisateur/ajouter-invit%C3%A9 "HTTP/1.1 200 OK"
2026-10-08 07:48:18,590 [INFO] httpx: HTTP Request: GET http://testserver/organisateur/ajouter-invit%C3%A9 "HTTP/1.1 303 See Other"
2026-10-08 07:48:18,599 [INFO] httpx: HTTP Request: POST http://testserver/organisateur/ajouter-invit%C3%A9 "HTTP/1.1 303 See Other"
2026-10-08 07:48:18,607 [INFO] httpx: HTTP Request: GET http://testserver/organisateur/ajouter-invit%C3%A9 "HTTP/1.1 303 See Other"
2026-10-08 07:48:18,616 [INFO] httpx: HTTP Request: POST http://testserver/organisateur/ajouter-invit%C3%A9 "HTTP/1.1 303 See Other"
2026-10-08 07:48:18,623 [INFO] httpx: HTTP Request: GET http://testserver/organisateur/ajouter-invit%C3%A9 "HTTP/1.1 303 See Other"
2026-10-08 07:48:18,631 [INFO] httpx: HTTP Request: POST http://testserver/organisateur/ajouter-invit%C3%A9 "HTTP/1.1 303 See Other"
2026-10-08 07:48:18,640 [INFO] httpx: HTTP Request: GET http://testserver/organisateur/ajouter-invit%C3%A9 "HTTP/1.1 303 See Other"
2026-10-08 07:48:18,648 [INFO] httpx: HTTP Request: POST http://testserver/organisateur/ajouter-invit%C3%A9 "HTTP/1.1 303 See Other"
2026-10-08 07:48:23,847 [INFO] httpx: HTTP Request: GET http://testserver/organisateur/animation "HTTP/1.1 303 See Other"
2026-10-08 07:48:23,853 [INFO] httpx: HTTP Request: GET http://testserver/organisateur/animation/quiz "HTTP/1.1 303 See Other"
2026-10-08 07:48:23,858 [INFO] httpx: HTTP Request: GET http://testserver/organisateur/animation/defis "HTTP/1.1 303 See Other"
2026-10-08 07:48:23,864 [INFO] httpx: HTTP Request: GET http://testserver/organisateur/animation/mot-aux-maries "HTTP/1.1 303 See Other"
2026-10-08 07:48:23,869 [INFO] httpx: HTTP Request: GET http://testserver/organisateur/animation/quiz/superviser "HTTP/1.1 303 See Other"
2026-10-08 07:48:23,874 [INFO] httpx: HTTP Request: GET http://testserver/organisateur/animation/defis/invites "HTTP/1.1 303 See Other"
2026-10-08 07:48:23,880 [INFO] httpx: HTTP Request: GET http://testserver/organisateur/animation/mot-aux-maries/messages "HTTP/1.1 303 See Other"
2026-10-08 07:48:23,885 [INFO] httpx: HTTP Request: GET http://testserver/organisateur/animation/quiz/questions "HTTP/1.1 303 See Other"
2026-10-08 07:48:23,891 [INFO] httpx: HTTP Request: POST http://testserver/organisateur/animation/quiz/ajouter-categorie "HTTP/1.1 303 See Other"
2026-10-08 07:48:23,896 [INFO] httpx: HTTP Request: GET http://testserver/organisateur/animation/defis/ajouter "HTTP/1.1 303 See Other"
2026-10-08 07:48:23,901 [INFO] httpx: HTTP Request: POST http://testserver/organisateur/animation/defis/ajouter "HTTP/1.1 303 See Other"
2026-10-08 07:48:23,907 [INFO] httpx: HTTP Request: POST http://testserver/organisateur/animation/defis/supprimer/x "HTTP/1.1 303 See Other"
2026-10-08 07:48:23,912 [INFO] httpx: HTTP Request: POST http://testserver/organisateur/animation/quiz/supprimer-categorie/x "HTTP/1.1 303 See Other"
2026-10-08 07:48:23,928 [INFO] httpx: HTTP Request: GET http://testserver/organisateur/animation/quiz/lancer "HTTP/1.1 200 OK"
2026-10-08 07:48:23,940 [INFO] httpx: HTTP Request: GET http://testserver/organisateur/animation/defis/lancer "HTTP/1.1 200 OK"
2026-10-08 07:48:23,951 [INFO] httpx: HTTP Request: GET http://testserver/organisateur/animation/mot-aux-maries/enregistrer "HTTP/1.1 200 OK"
2026-10-08 07:48:23,959 [INFO] httpx: HTTP Request: GET http://testserver/organisateur/animation "HTTP/1.1 200 OK"
2026-10-08 07:48:23,984 [INFO] httpx: HTTP Request: GET http://testserver/organisateur/animation/quiz "HTTP/1.1 200 OK"
2026-10-08 07:48:23,998 [INFO] httpx: HTTP Request: GET http://testserver/organisateur/animation/defis "HTTP/1.1 200 OK"
2026-10-08 07:48:24,013 [INFO] httpx: HTTP Request: GET http://testserver/organisateur/animation/mot-aux-maries "HTTP/1.1 200 OK"
2026-10-08 07:48:24,032 [INFO] httpx: HTTP Request: GET http://testserver/organisateur/animation/quiz/superviser "HTTP/1.1 200 OK"
2026-10-08 07:48:24,038 [INFO] httpx: HTTP Request: GET http://testserver/organisateur/animation/defis/invites "HTTP/1.1 200 OK"
2026-10-08 07:48:24,045 [INFO] httpx: HTTP Request: GET http://testserver/organisateur/animation/mot-aux-maries/messages "HTTP/1.1 200 OK"
2026-10-08 07:48:24,050 [INFO] httpx: HTTP Request: GET http://testserver/organisateur/animation/quiz/questions "HTTP/1.1 200 OK"
2026-10-08 07:48:24,056 [INFO] httpx: HTTP Request: POST http://testserver/organisateur/animation/quiz/ajouter-categorie "HTTP/1.1 303 See Other"
2026-10-08 07:48:24,063 [INFO] httpx: HTTP Request: GET http://testserver/organisateur/animation/defis/ajouter "HTTP/1.1 200 OK"
2026-10-08 07:48:24,070 [INFO] httpx: HTTP Request: POST http://testserver/organisateur/animation/defis/ajouter "HTTP/1.1 303 See Other"
2026-10-08 07:48:24,078 [INFO] httpx: HTTP Request: POST http://testserver/organisateur/animation/defis/supprimer/x "HTTP/1.1 303 See Other"
2026-10-08 07:48:24,085 [INFO] httpx: HTTP Request: POST http://testserver/organisateur/animation/quiz/supprimer-categorie/x "HTTP/1.1 303 See Other"
2026-10-08 07:48:24,091 [INFO] httpx: HTTP Request: GET http://testserver/organisateur/animation/quiz "HTTP/1.1 200 OK"
2026-10-08 07:48:24,097 [INFO] httpx: HTTP Request: GET http://testserver/organisateur/animation/defis "HTTP/1.1 200 OK"
2026-10-08 07:48:24,103 [INFO] httpx: HTTP Request: GET http://testserver/organisateur/animation "HTTP/1.1 200 OK"
2026-10-08 07:48:24,110 [INFO] httpx: HTTP Request: GET http://testserver/organisateur/animation/quiz "HTTP/1.1 200 OK"
2026-10-08 07:48:24,116 [INFO] httpx: HTTP Request: GET http://testserver/organisateur/animation/defis "HTTP/1.1 200 OK"
2026-10-08 07:48:24,122 [INFO] httpx: HTTP Request: GET http://testserver/organisateur/animation/mot-aux-maries "HTTP/1.1 200 OK"
2026-10-08 07:48:24,129 [INFO] httpx: HTTP Request: GET http://testserver/organisateur/animation/quiz/superviser "HTTP/1.1 200 OK"
2026-10-08 07:48:24,135 [INFO] httpx: HTTP Request: GET http://testserver/organisateur/animation/defis/invites "HTTP/1.1 200 OK"
2026-10-08 07:48:24,142 [INFO] httpx: HTTP Request: GET http://testserver/organisateur/animation/mot-aux-maries/messages "HTTP/1.1 200 OK"
2026-10-08 07:48:24,147 [INFO] httpx: HTTP Request: GET http://testserver/organisateur/animation/quiz/questions "HTTP/1.1 303 See Other"
2026-10-08 07:48:24,153 [INFO] httpx: HTTP Request: POST http://testserver/organisateur/animation/quiz/ajouter-categorie "HTTP/1.1 303 See Other"
2026-10-08 07:48:24,159 [INFO] httpx: HTTP Request: GET http://testserver/organisateur/animation/defis/ajouter "HTTP/1.1 303 See Other"
2026-10-08 07:48:24,165 [INFO] httpx: HTTP Request: POST http://testserver/organisateur/animation/defis/ajouter "HTTP/1.1 303 See Other"
2026-10-08 07:48:24,171 [INFO] httpx: HTTP Request: POST http://testserver/organisateur/animation/defis/supprimer/x "HTTP/1.1 303 See Other"
2026-10-08 07:48:24,177 [INFO] httpx: HTTP Request: POST http://testserver/organisateur/animation/quiz/supprimer-categorie/x "HTTP/1.1 303 See Other"
2026-10-08 07:48:24,183 [INFO] httpx: HTTP Request: GET http://testserver/organisateur/animation/quiz "HTTP/1.1 200 OK"
2026-10-08 07:48:24,189 [INFO] httpx: HTTP Request: GET http://testserver/organisateur/animation/defis "HTTP/1.1 200 OK"
2026-10-08 07:48:24,197 [INFO] httpx: HTTP Request: GET http://testserver/organisateur/animation "HTTP/1.1 200 OK"
2026-10-08 07:48:24,205 [INFO] httpx: HTTP Request: GET http://testserver/organisateur/animation/quiz "HTTP/1.1 200 OK"
2026-10-08 07:48:24,211 [INFO] httpx: HTTP Request: GET http://testserver/organisateur/animation/defis "HTTP/1.1 200 OK"
2026-10-08 07:48:24,218 [INFO] httpx: HTTP Request: GET http://testserver/organisateur/animation/mot-aux-maries "HTTP/1.1 200 OK"
2026-10-08 07:48:24,225 [INFO] httpx: HTTP Request: GET http://testserver/organisateur/animation/quiz/superviser "HTTP/1.1 200 OK"
2026-10-08 07:48:24,231 [INFO] httpx: HTTP Request: GET http://testserver/organisateur/animation/defis/invites "HTTP/1.1 200 OK"
2026-10-08 07:48:24,238 [INFO] httpx: HTTP Request: GET http://testserver/organisateur/animation/mot-aux-maries/messages "HTTP/1.1 200 OK"
2026-10-08 07:48:24,243 [INFO] httpx: HTTP Request: GET http://testserver/organisateur/animation/quiz/questions "HTTP/1.1 303 See Other"
2026-10-08 07:48:24,250 [INFO] httpx: HTTP Request: POST http://testserver/organisateur/animation/quiz/ajouter-categorie "HTTP/1.1 303 See Other"
2026-10-08 07:48:24,256 [INFO] httpx: HTTP Request: GET http://testserver/organisateur/animation/defis/ajouter "HTTP/1.1 303 See Other"
2026-10-08 07:48:24,262 [INFO] httpx: HTTP Request: POST http://testserver/organisateur/animation/defis/ajouter "HTTP/1.1 303 See Other"
2026-10-08 07:48:24,267 [INFO] httpx: HTTP Request: POST http://testserver/organisateur/animation/defis/supprimer/x "HTTP/1.1 303 See Other"
2026-10-08 07:48:24,274 [INFO] httpx: HTTP Request: POST http://testserver/organisateur/animation/quiz/supprimer-categorie/x "HTTP/1.1 303 See Other"
2026-10-08 07:48:24,280 [INFO] httpx: HTTP Request: GET http://testserver/organisateur/animation/quiz "HTTP/1.1 200 OK"
2026-10-08 07:48:24,286 [INFO] httpx: HTTP Request: GET http://testserver/organisateur/animation/defis "HTTP/1.1 200 OK"
2026-10-08 07:48:24,292 [INFO] httpx: HTTP Request: GET http://testserver/organisateur/animation "HTTP/1.1 200 OK"
2026-10-08 07:48:24,298 [INFO] httpx: HTTP Request: GET http://testserver/organisateur/animation/quiz "HTTP/1.1 200 OK"
2026-10-08 07:48:24,307 [INFO] httpx: HTTP Request: GET http://testserver/organisateur/animation/defis "HTTP/1.1 200 OK"
2026-10-08 07:48:24,318 [INFO] httpx: HTTP Request: GET http://testserver/organisateur/animation/mot-aux-maries "HTTP/1.1 200 OK"
2026-10-08 07:48:24,324 [INFO] httpx: HTTP Request: GET http://testserver/organisateur/animation/quiz/superviser "HTTP/1.1 200 OK"
2026-10-08 07:48:24,331 [INFO] httpx: HTTP Request: GET http://testserver/organisateur/animation/defis/invites "HTTP/1.1 200 OK"
2026-10-08 07:48:24,338 [INFO] httpx: HTTP Request: GET http://testserver/organisateur/animation/mot-aux-maries/messages "HTTP/1.1 200 OK"
2026-10-08 07:48:24,343 [INFO] httpx: HTTP Request: GET http://testserver/organisateur/animation/quiz/questions "HTTP/1.1 303 See Other"
2026-10-08 07:48:24,350 [INFO] httpx: HTTP Request: POST http://testserver/organisateur/animation/quiz/ajouter-categorie "HTTP/1.1 303 See Other"
2026-10-08 07:48:24,356 [INFO] httpx: HTTP Request: GET http://testserver/organisateur/animation/defis/ajouter "HTTP/1.1 303 See Other"
2026-10-08 07:48:24,361 [INFO] httpx: HTTP Request: POST http://testserver/organisateur/animation/defis/ajouter "HTTP/1.1 303 See Other"
2026-10-08 07:48:24,368 [INFO] httpx: HTTP Request: POST http://testserver/organisateur/animation/defis/supprimer/x "HTTP/1.1 303 See Other"
2026-10-08 07:48:24,374 [INFO] httpx: HTTP Request: POST http://testserver/organisateur/animation/quiz/supprimer-categorie/x "HTTP/1.1 303 See Other"
2026-10-08 07:48:24,380 [INFO] httpx: HTTP Request: GET http://testserver/organisateur/animation/quiz "HTTP/1.1 200 OK"
2026-10-08 07:48:24,386 [INFO] httpx: HTTP Request: GET http://testserver/organisateur/animation/defis "HTTP/1.1 200 OK"
2026-10-08 07:48:24,392 [INFO] httpx: HTTP Request: GET http://testserver/organisateur/animation "HTTP/1.1 303 See Other"
2026-10-08 07:48:24,398 [INFO] httpx: HTTP Request: GET http://testserver/organisateur/animation/quiz "HTTP/1.1 303 See Other"
2026-10-08 07:48:24,404 [INFO] httpx: HTTP Request: GET http://testserver/organisateur/animation/defis "HTTP/1.1 303 See Other"
2026-10-08 07:48:24,410 [INFO] httpx: HTTP Request: GET http://testserver/organisateur/animation/mot-aux-maries "HTTP/1.1 303 See Other"
2026-10-08 07:48:24,416 [INFO] httpx: HTTP Request: GET http://testserver/organisateur/animation/quiz/superviser "HTTP/1.1 303 See Other"
2026-10-08 07:48:24,422 [INFO] httpx: HTTP Request: GET http://testserver/organisateur/animation/defis/invites "HTTP/1.1 303 See Other"
2026-10-08 07:48:24,429 [INFO] httpx: HTTP Request: GET http://testserver/organisateur/animation/mot-aux-maries/messages "HTTP/1.1 303 See Other"
2026-10-08 07:48:24,438 [INFO] httpx: HTTP Request: GET http://testserver/organisateur/animation/quiz/questions "HTTP/1.1 303 See Other"
2026-10-08 07:48:24,444 [INFO] httpx: HTTP Request: POST http://testserver/organisateur/animation/quiz/ajouter-categorie "HTTP/1.1 303 See Other"
2026-10-08 07:48:24,450 [INFO] httpx: HTTP Request: GET http://testserver/organisateur/animation/defis/ajouter "HTTP/1.1 303 See Other"
2026-10-08 07:48:24,457 [INFO] httpx: HTTP Request: POST http://testserver/organisateur/animation/defis/ajouter "HTTP/1.1 303 See Other"
2026-10-08 07:48:24,465 [INFO] httpx: HTTP Request: POST http://testserver/organisateur/animation/defis/supprimer/x "HTTP/1.1 303 See Other"
2026-10-08 07:48:24,472 [INFO] httpx: HTTP Request: POST http://testserver/organisateur/animation/quiz/supprimer-categorie/x "HTTP/1.1 303 See Other"
2026-10-08 07:48:24,478 [INFO] httpx: HTTP Request: GET http://testserver/organisateur/animation "HTTP/1.1 303 See Other"
2026-10-08 07:48:24,483 [INFO] httpx: HTTP Request: GET http://testserver/organisateur/animation/quiz "HTTP/1.1 303 See Other"
2026-10-08 07:48:24,490 [INFO] httpx: HTTP Request: GET http://testserver/organisateur/animation/defis "HTTP/1.1 303 See Other"
2026-10-08 07:48:24,495 [INFO] httpx: HTTP Request: GET http://testserver/organisateur/animation/mot-aux-maries "HTTP/1.1 303 See Other"
2026-10-08 07:48:24,501 [INFO] httpx: HTTP Request: GET http://testserver/organisateur/animation/quiz/superviser "HTTP/1.1 303 See Other"
2026-10-08 07:48:24,506 [INFO] httpx: HTTP Request: GET http://testserver/organisateur/animation/defis/invites "HTTP/1.1 303 See Other"
2026-10-08 07:48:24,512 [INFO] httpx: HTTP Request: GET http://testserver/organisateur/animation/mot-aux-maries/messages "HTTP/1.1 303 See Other"
2026-10-08 07:48:24,517 [INFO] httpx: HTTP Request: GET http://testserver/organisateur/animation/quiz/questions "HTTP/1.1 303 See Other"
2026-10-08 07:48:24,524 [INFO] httpx: HTTP Request: POST http://testserver/organisateur/animation/quiz/ajouter-categorie "HTTP/1.1 303 See Other"
2026-10-08 07:48:24,530 [INFO] httpx: HTTP Request: GET http://testserver/organisateur/animation/defis/ajouter "HTTP/1.1 303 See Other"
2026-10-08 07:48:24,536 [INFO] httpx: HTTP Request: POST http://testserver/organisateur/animation/defis/ajouter "HTTP/1.1 303 See Other"
2026-10-08 07:48:24,543 [INFO] httpx: HTTP Request: POST http://testserver/organisateur/animation/defis/supprimer/x "HTTP/1.1 303 See Other"
2026-10-08 07:48:24,552 [INFO] httpx: HTTP Request: POST http://testserver/organisateur/animation/quiz/supprimer-categorie/x "HTTP/1.1 303 See Other"
2026-10-08 07:48:24,559 [INFO] httpx: HTTP Request: GET http://testserver/organisateur/animation "HTTP/1.1 303 See Other"
2026-10-08 07:48:24,565 [INFO] httpx: HTTP Request: GET http://testserver/organisateur/animation/quiz "HTTP/1.1 303 See Other"
2026-10-08 07:48:24,571 [INFO] httpx: HTTP Request: GET http://testserver/organisateur/animation/defis "HTTP/1.1 303 See Other"
2026-10-08 07:48:24,577 [INFO] httpx: HTTP Request: GET http://testserver/organisateur/animation/mot-aux-maries "HTTP/1.1 303 See Other"
2026-10-08 07:48:24,582 [INFO] httpx: HTTP Request: GET http://testserver/organisateur/animation/quiz/superviser "HTTP/1.1 303 See Other"
2026-10-08 07:48:24,589 [INFO] httpx: HTTP Request: GET http://testserver/organisateur/animation/defis/invites "HTTP/1.1 303 See Other"
2026-10-08 07:48:24,594 [INFO] httpx: HTTP Request: GET http://testserver/organisateur/animation/mot-aux-maries/messages "HTTP/1.1 303 See Other"
2026-10-08 07:48:24,600 [INFO] httpx: HTTP Request: GET http://testserver/organisateur/animation/quiz/questions "HTTP/1.1 303 See Other"
2026-10-08 07:48:24,606 [INFO] httpx: HTTP Request: POST http://testserver/organisateur/animation/quiz/ajouter-categorie "HTTP/1.1 303 See Other"
2026-10-08 07:48:24,611 [INFO] httpx: HTTP Request: GET http://testserver/organisateur/animation/defis/ajouter "HTTP/1.1 303 See Other"
2026-10-08 07:48:24,618 [INFO] httpx: HTTP Request: POST http://testserver/organisateur/animation/defis/ajouter "HTTP/1.1 303 See Other"
2026-10-08 07:48:24,624 [INFO] httpx: HTTP Request: POST http://testserver/organisateur/animation/defis/supprimer/x "HTTP/1.1 303 See Other"
2026-10-08 07:48:24,630 [INFO] httpx: HTTP Request: POST http://testserver/organisateur/animation/quiz/supprimer-categorie/x "HTTP/1.1 303 See Other"
2026-10-08 07:48:29,754 [INFO] httpx: HTTP Request: GET http://testserver/organisateur/animation/quiz "HTTP/1.1 200 OK"
2026-10-08 07:48:29,767 [INFO] httpx: HTTP Request: GET http://testserver/organisateur/animation/quiz/lancer "HTTP/1.1 200 OK"
2026-10-08 07:48:29,775 [INFO] httpx: HTTP Request: POST http://testserver/organisateur/animation/quiz/lancer "HTTP/1.1 404 Not Found"
2026-10-08 07:48:29,782 [INFO] httpx: HTTP Request: POST http://testserver/organisateur/animation/quiz/lancer "HTTP/1.1 303 See Other"
2026-10-08 07:48:29,789 [INFO] httpx: HTTP Request: GET http://testserver/organisateur/animation/quiz/jouer/awa-k-ab12 "HTTP/1.1 200 OK"
2026-10-08 07:48:29,796 [INFO] httpx: HTTP Request: GET http://testserver/organisateur/animation/quiz/etat/awa-k-ab12 "HTTP/1.1 200 OK"
2026-10-08 07:48:29,823 [INFO] httpx: HTTP Request: GET http://testserver/organisateur/animation/quiz/superviser "HTTP/1.1 200 OK"
2026-10-08 07:48:29,832 [INFO] httpx: HTTP Request: POST http://testserver/organisateur/animation/quiz/repondre/awa-k-ab12 "HTTP/1.1 409 Conflict"
2026-10-08 07:48:29,841 [INFO] httpx: HTTP Request: POST http://testserver/organisateur/animation/quiz/superviser/demarrer "HTTP/1.1 303 See Other"
2026-10-08 07:48:29,847 [INFO] httpx: HTTP Request: GET http://testserver/organisateur/animation/quiz/etat/awa-k-ab12 "HTTP/1.1 200 OK"
2026-10-08 07:48:29,855 [INFO] httpx: HTTP Request: POST http://testserver/organisateur/animation/quiz/repondre/awa-k-ab12 "HTTP/1.1 200 OK"
2026-10-08 07:48:29,862 [INFO] httpx: HTTP Request: POST http://testserver/organisateur/animation/quiz/repondre/awa-k-ab12 "HTTP/1.1 409 Conflict"
2026-10-08 07:48:29,869 [INFO] httpx: HTTP Request: POST http://testserver/organisateur/animation/quiz/repondre/bob-l-cd34 "HTTP/1.1 200 OK"
2026-10-08 07:48:29,876 [INFO] httpx: HTTP Request: POST http://testserver/organisateur/animation/quiz/repondre/nobody "HTTP/1.1 404 Not Found"
2026-10-08 07:48:29,883 [INFO] httpx: HTTP Request: GET http://testserver/organisateur/animation/quiz/etat/awa-k-ab12 "HTTP/1.1 200 OK"
2026-10-08 07:48:29,891 [INFO] httpx: HTTP Request: GET http://testserver/organisateur/animation/quiz/superviser/etat "HTTP/1.1 200 OK"
2026-10-08 07:48:29,898 [INFO] httpx: HTTP Request: GET http://testserver/organisateur/animation/quiz/superviser "HTTP/1.1 200 OK"
2026-10-08 07:48:29,906 [INFO] httpx: HTTP Request: POST http://testserver/organisateur/animation/quiz/superviser/reveler "HTTP/1.1 303 See Other"
2026-10-08 07:48:29,914 [INFO] httpx: HTTP Request: GET http://testserver/organisateur/animation/quiz/etat/awa-k-ab12 "HTTP/1.1 200 OK"
2026-10-08 07:48:29,920 [INFO] httpx: HTTP Request: GET http://testserver/organisateur/animation/quiz/superviser/etat "HTTP/1.1 200 OK"
2026-10-08 07:48:29,929 [INFO] httpx: HTTP Request: GET http://testserver/organisateur/animation/quiz/superviser "HTTP/1.1 200 OK"
2026-10-08 07:48:29,936 [INFO] httpx: HTTP Request: POST http://testserver/organisateur/animation/quiz/superviser/suivante "HTTP/1.1 303 See Other"
2026-10-08 07:48:29,943 [INFO] httpx: HTTP Request: GET http://testserver/organisateur/animation/quiz/etat/bob-l-cd34 "HTTP/1.1 200 OK"
2026-10-08 07:48:29,950 [INFO] httpx: HTTP Request: POST http://testserver/organisateur/animation/quiz/repondre/bob-l-cd34 "HTTP/1.1 409 Conflict"
2026-10-08 07:48:29,957 [INFO] httpx: HTTP Request: POST http://testserver/organisateur/animation/quiz/repondre/bob-l-cd34 "HTTP/1.1 200 OK"
2026-10-08 07:48:29,968 [INFO] httpx: HTTP Request: POST http://testserver/organisateur/animation/quiz/superviser/reveler "HTTP/1.1 303 See Other"
2026-10-08 07:48:29,977 [INFO] httpx: HTTP Request: GET http://testserver/organisateur/animation/quiz/superviser "HTTP/1.1 200 OK"
2026-10-08 07:48:29,985 [INFO] httpx: HTTP Request: POST http://testserver/organisateur/animation/quiz/superviser/suivante "HTTP/1.1 303 See Other"
2026-10-08 07:48:29,992 [INFO] httpx: HTTP Request: GET http://testserver/organisateur/animation/quiz/etat/awa-k-ab12 "HTTP/1.1 200 OK"
2026-10-08 07:48:29,998 [INFO] httpx: HTTP Request: GET http://testserver/organisateur/animation/quiz/etat/bob-l-cd34 "HTTP/1.1 200 OK"
2026-10-08 07:48:30,006 [INFO] httpx: HTTP Request: GET http://testserver/organisateur/animation/quiz/superviser "HTTP/1.1 200 OK"
2026-10-08 07:48:30,014 [INFO] httpx: HTTP Request: POST http://testserver/organisateur/animation/quiz/superviser/reinitialiser "HTTP/1.1 303 See Other"
2026-10-08 07:48:30,020 [INFO] httpx: HTTP Request: GET http://testserver/organisateur/animation/quiz/etat/awa-k-ab12 "HTTP/1.1 200 OK"
2026-10-08 07:48:39,979 [INFO] httpx: HTTP Request: GET http://testserver/organisateur/animation/defis/invites "HTTP/1.1 303 See Other"
2026-10-08 07:48:40,010 [INFO] httpx: HTTP Request: GET http://testserver/organisateur/animation/defis "HTTP/1.1 200 OK"
2026-10-08 07:48:40,035 [INFO] httpx: HTTP Request: GET http://testserver/organisateur/animation/defis/lancer "HTTP/1.1 200 OK"
2026-10-08 07:48:40,046 [INFO] httpx: HTTP Request: POST http://testserver/organisateur/animation/defis/lancer "HTTP/1.1 404 Not Found"
2026-10-08 07:48:40,055 [INFO] httpx: HTTP Request: POST http://testserver/organisateur/animation/defis/lancer "HTTP/1.1 303 See Other"
2026-10-08 07:48:40,065 [INFO] httpx: HTTP Request: GET http://testserver/organisateur/animation/defis/jouer/awa-ab12 "HTTP/1.1 200 OK"
2026-10-08 07:48:40,075 [INFO] httpx: HTTP Request: POST http://testserver/organisateur/animation/defis/jouer/awa-ab12 "HTTP/1.1 200 OK"
2026-10-08 07:48:40,085 [INFO] httpx: HTTP Request: POST http://testserver/organisateur/animation/defis/jouer/awa-ab12 "HTTP/1.1 200 OK"
2026-10-08 07:48:40,094 [INFO] httpx: HTTP Request: GET http://testserver/organisateur/animation/defis/jouer/awa-ab12 "HTTP/1.1 200 OK"
2026-10-08 07:48:40,104 [INFO] httpx: HTTP Request: POST http://testserver/organisateur/animation/defis/jouer/bob-cd34 "HTTP/1.1 200 OK"
2026-10-08 07:48:40,114 [INFO] httpx: HTTP Request: GET http://testserver/organisateur/animation/defis/invites "HTTP/1.1 200 OK"
2026-10-08 07:48:40,124 [INFO] httpx: HTTP Request: POST http://testserver/organisateur/animation/defis/invites/reinitialiser/awa-ab12 "HTTP/1.1 303 See Other"
2026-10-08 07:48:40,134 [INFO] httpx: HTTP Request: GET http://testserver/organisateur/animation/defis/invites "HTTP/1.1 200 OK"
2026-10-08 07:48:40,144 [INFO] httpx: HTTP Request: GET http://testserver/organisateur/animation/defis/jouer/awa-ab12 "HTTP/1.1 200 OK"
2026-10-08 07:48:40,160 [INFO] httpx: HTTP Request: GET http://testserver/organisateur/animation/defis/invites "HTTP/1.1 200 OK"
2026-10-08 07:48:40,171 [INFO] httpx: HTTP Request: POST http://testserver/organisateur/animation/defis/invites/reinitialiser "HTTP/1.1 303 See Other"
2026-10-08 07:48:40,181 [INFO] httpx: HTTP Request: GET http://testserver/organisateur/animation/defis/invites "HTTP/1.1 200 OK"
2026-10-08 07:48:40,192 [INFO] httpx: HTTP Request: GET http://testserver/organisateur/animation/defis/invites "HTTP/1.1 200 OK"
2026-10-08 07:48:55,765 [INFO] httpx: HTTP Request: GET http://testserver/organisateur/animation/mot-aux-maries "HTTP/1.1 200 OK"
2026-10-08 07:48:55,785 [INFO] httpx: HTTP Request: GET http://testserver/organisateur/animation/mot-aux-maries/enregistrer "HTTP/1.1 200 OK"
2026-10-08 07:48:55,794 [INFO] httpx: HTTP Request: POST http://testserver/organisateur/animation/mot-aux-maries/enregistrer "HTTP/1.1 303 See Other"
2026-10-08 07:48:55,805 [INFO] httpx: HTTP Request: GET http://testserver/organisateur/animation/mot-aux-maries/enregistrer/kone-awa-ab12 "HTTP/1.1 200 OK"
2026-10-08 07:48:55,818 [INFO] httpx: HTTP Request: GET http://testserver/organisateur/animation/mot-aux-maries/messages "HTTP/1.1 200 OK"
2026-10-08 07:48:58,469 [ERROR] app.routers.organizers: Un mot aux mariés : envoi vers B2 impossible, vidéo gardée dans C:\Users\YANN-H~1\AppData\Local\Temp\claude\c--Users-Yann-Harold-NGUESSAN-Documents-wed-organizer\f1783202-de6a-4340-bca9-320655a19467\scratchpad\videos_v2\awa-kone\original.mp4 : B2 n'est pas configuré
2026-10-08 07:48:58,475 [INFO] httpx: HTTP Request: POST http://testserver/organisateur/animation/mot-aux-maries/enregistrer/kone-awa-ab12 "HTTP/1.1 200 OK"
2026-10-08 07:49:00,903 [INFO] httpx: HTTP Request: POST http://testserver/organisateur/animation/mot-aux-maries/enregistrer/kone-awa-ab12 "HTTP/1.1 200 OK"
2026-10-08 07:49:03,416 [INFO] httpx: HTTP Request: POST http://testserver/organisateur/animation/mot-aux-maries/enregistrer/le-bob-cd34 "HTTP/1.1 200 OK"
2026-10-08 07:49:03,431 [INFO] httpx: HTTP Request: GET http://testserver/organisateur/animation/mot-aux-maries/messages "HTTP/1.1 200 OK"
2026-10-08 07:49:28,223 [INFO] httpx: HTTP Request: POST http://testserver/organisateur/animation/mot-aux-maries/messages/assembler "HTTP/1.1 303 See Other"
2026-10-08 07:49:28,233 [INFO] httpx: HTTP Request: GET http://testserver/organisateur/animation/mot-aux-maries/messages "HTTP/1.1 200 OK"
2026-10-08 07:49:28,241 [INFO] httpx: HTTP Request: GET http://testserver/organisateur/animation/mot-aux-maries/messages "HTTP/1.1 200 OK"
2026-10-08 07:49:29,711 [INFO] httpx: HTTP Request: POST http://testserver/organisateur/animation/mot-aux-maries/messages/supprimer/bob-le "HTTP/1.1 303 See Other"
2026-10-08 07:49:29,729 [INFO] httpx: HTTP Request: GET http://testserver/organisateur/animation/mot-aux-maries/messages "HTTP/1.1 200 OK"
2026-10-08 07:49:29,743 [INFO] httpx: HTTP Request: GET http://testserver/organisateur/animation/mot-aux-maries/messages "HTTP/1.1 200 OK"
2026-10-08 07:51:40,494 [INFO] httpx: HTTP Request: GET http://testserver/organisateur/scan "HTTP/1.1 303 See Other"
2026-10-08 07:51:40,504 [INFO] httpx: HTTP Request: POST http://testserver/organisateur/scan "HTTP/1.1 303 See Other"
2026-10-08 07:51:40,522 [INFO] httpx: HTTP Request: GET http://testserver/organisateur/scan "HTTP/1.1 200 OK"
2026-10-08 07:51:40,533 [INFO] httpx: HTTP Request: POST http://testserver/organisateur/scan "HTTP/1.1 404 Not Found"
2026-10-08 07:51:40,544 [INFO] httpx: HTTP Request: GET http://testserver/organisateur/scan "HTTP/1.1 200 OK"
2026-10-08 07:51:40,553 [INFO] httpx: HTTP Request: POST http://testserver/organisateur/scan "HTTP/1.1 404 Not Found"
2026-10-08 07:51:40,565 [INFO] httpx: HTTP Request: GET http://testserver/organisateur/scan "HTTP/1.1 303 See Other"
2026-10-08 07:51:40,580 [INFO] httpx: HTTP Request: POST http://testserver/organisateur/scan "HTTP/1.1 403 Forbidden"
2026-10-08 07:51:40,591 [INFO] httpx: HTTP Request: GET http://testserver/organisateur/scan "HTTP/1.1 303 See Other"
2026-10-08 07:51:40,600 [INFO] httpx: HTTP Request: POST http://testserver/organisateur/scan "HTTP/1.1 403 Forbidden"
2026-10-08 07:51:40,609 [INFO] httpx: HTTP Request: GET http://testserver/organisateur/scan "HTTP/1.1 303 See Other"
2026-10-08 07:51:40,618 [INFO] httpx: HTTP Request: POST http://testserver/organisateur/scan "HTTP/1.1 403 Forbidden"
2026-10-08 07:51:52,595 [INFO] httpx: HTTP Request: GET http://testserver/organisateur/animation "HTTP/1.1 303 See Other"
2026-10-08 07:51:52,604 [INFO] httpx: HTTP Request: GET http://testserver/organisateur/animation/quiz "HTTP/1.1 303 See Other"
2026-10-08 07:51:52,613 [INFO] httpx: HTTP Request: GET http://testserver/organisateur/animation/defis "HTTP/1.1 303 See Other"
2026-10-08 07:51:52,623 [INFO] httpx: HTTP Request: GET http://testserver/organisateur/animation/mot-aux-maries "HTTP/1.1 303 See Other"
2026-10-08 07:51:52,632 [INFO] httpx: HTTP Request: GET http://testserver/organisateur/animation/quiz/superviser "HTTP/1.1 303 See Other"
2026-10-08 07:51:52,646 [INFO] httpx: HTTP Request: GET http://testserver/organisateur/animation/defis/invites "HTTP/1.1 303 See Other"
2026-10-08 07:51:52,662 [INFO] httpx: HTTP Request: GET http://testserver/organisateur/animation/mot-aux-maries/messages "HTTP/1.1 303 See Other"
2026-10-08 07:51:52,674 [INFO] httpx: HTTP Request: GET http://testserver/organisateur/animation/quiz/questions "HTTP/1.1 303 See Other"
2026-10-08 07:51:52,685 [INFO] httpx: HTTP Request: POST http://testserver/organisateur/animation/quiz/ajouter-categorie "HTTP/1.1 303 See Other"
2026-10-08 07:51:52,693 [INFO] httpx: HTTP Request: GET http://testserver/organisateur/animation/defis/ajouter "HTTP/1.1 303 See Other"
2026-10-08 07:51:52,704 [INFO] httpx: HTTP Request: POST http://testserver/organisateur/animation/defis/ajouter "HTTP/1.1 303 See Other"
2026-10-08 07:51:52,713 [INFO] httpx: HTTP Request: POST http://testserver/organisateur/animation/defis/supprimer/x "HTTP/1.1 303 See Other"
2026-10-08 07:51:52,721 [INFO] httpx: HTTP Request: POST http://testserver/organisateur/animation/quiz/supprimer-categorie/x "HTTP/1.1 303 See Other"
2026-10-08 07:51:52,740 [INFO] httpx: HTTP Request: GET http://testserver/organisateur/animation/quiz/lancer "HTTP/1.1 200 OK"
2026-10-08 07:51:52,759 [INFO] httpx: HTTP Request: GET http://testserver/organisateur/animation/defis/lancer "HTTP/1.1 200 OK"
2026-10-08 07:51:52,779 [INFO] httpx: HTTP Request: GET http://testserver/organisateur/animation/mot-aux-maries/enregistrer "HTTP/1.1 200 OK"
2026-10-08 07:51:52,793 [INFO] httpx: HTTP Request: GET http://testserver/organisateur/animation "HTTP/1.1 200 OK"
2026-10-08 07:51:52,832 [INFO] httpx: HTTP Request: GET http://testserver/organisateur/animation/quiz "HTTP/1.1 200 OK"
2026-10-08 07:51:52,852 [INFO] httpx: HTTP Request: GET http://testserver/organisateur/animation/defis "HTTP/1.1 200 OK"
2026-10-08 07:51:52,875 [INFO] httpx: HTTP Request: GET http://testserver/organisateur/animation/mot-aux-maries "HTTP/1.1 200 OK"
2026-10-08 07:51:52,929 [INFO] httpx: HTTP Request: GET http://testserver/organisateur/animation/quiz/superviser "HTTP/1.1 200 OK"
2026-10-08 07:51:52,952 [INFO] httpx: HTTP Request: GET http://testserver/organisateur/animation/defis/invites "HTTP/1.1 200 OK"
2026-10-08 07:51:52,963 [INFO] httpx: HTTP Request: GET http://testserver/organisateur/animation/mot-aux-maries/messages "HTTP/1.1 200 OK"
2026-10-08 07:51:52,973 [INFO] httpx: HTTP Request: GET http://testserver/organisateur/animation/quiz/questions "HTTP/1.1 200 OK"
2026-10-08 07:51:52,984 [INFO] httpx: HTTP Request: POST http://testserver/organisateur/animation/quiz/ajouter-categorie "HTTP/1.1 303 See Other"
2026-10-08 07:51:52,996 [INFO] httpx: HTTP Request: GET http://testserver/organisateur/animation/defis/ajouter "HTTP/1.1 200 OK"
2026-10-08 07:51:53,006 [INFO] httpx: HTTP Request: POST http://testserver/organisateur/animation/defis/ajouter "HTTP/1.1 303 See Other"
2026-10-08 07:51:53,016 [INFO] httpx: HTTP Request: POST http://testserver/organisateur/animation/defis/supprimer/x "HTTP/1.1 303 See Other"
2026-10-08 07:51:53,026 [INFO] httpx: HTTP Request: POST http://testserver/organisateur/animation/quiz/supprimer-categorie/x "HTTP/1.1 303 See Other"
2026-10-08 07:51:53,036 [INFO] httpx: HTTP Request: GET http://testserver/organisateur/animation/quiz "HTTP/1.1 200 OK"
2026-10-08 07:51:53,047 [INFO] httpx: HTTP Request: GET http://testserver/organisateur/animation/defis "HTTP/1.1 200 OK"
2026-10-08 07:51:53,062 [INFO] httpx: HTTP Request: GET http://testserver/organisateur/animation "HTTP/1.1 200 OK"
2026-10-08 07:51:53,072 [INFO] httpx: HTTP Request: GET http://testserver/organisateur/animation/quiz "HTTP/1.1 200 OK"
2026-10-08 07:51:53,083 [INFO] httpx: HTTP Request: GET http://testserver/organisateur/animation/defis "HTTP/1.1 200 OK"
2026-10-08 07:51:53,092 [INFO] httpx: HTTP Request: GET http://testserver/organisateur/animation/mot-aux-maries "HTTP/1.1 200 OK"
2026-10-08 07:51:53,102 [INFO] httpx: HTTP Request: GET http://testserver/organisateur/animation/quiz/superviser "HTTP/1.1 200 OK"
2026-10-08 07:51:53,112 [INFO] httpx: HTTP Request: GET http://testserver/organisateur/animation/defis/invites "HTTP/1.1 200 OK"
2026-10-08 07:51:53,122 [INFO] httpx: HTTP Request: GET http://testserver/organisateur/animation/mot-aux-maries/messages "HTTP/1.1 200 OK"
2026-10-08 07:51:53,130 [INFO] httpx: HTTP Request: GET http://testserver/organisateur/animation/quiz/questions "HTTP/1.1 303 See Other"
2026-10-08 07:51:53,141 [INFO] httpx: HTTP Request: POST http://testserver/organisateur/animation/quiz/ajouter-categorie "HTTP/1.1 303 See Other"
2026-10-08 07:51:53,150 [INFO] httpx: HTTP Request: GET http://testserver/organisateur/animation/defis/ajouter "HTTP/1.1 303 See Other"
2026-10-08 07:51:53,165 [INFO] httpx: HTTP Request: POST http://testserver/organisateur/animation/defis/ajouter "HTTP/1.1 303 See Other"
2026-10-08 07:51:53,178 [INFO] httpx: HTTP Request: POST http://testserver/organisateur/animation/defis/supprimer/x "HTTP/1.1 303 See Other"
2026-10-08 07:51:53,188 [INFO] httpx: HTTP Request: POST http://testserver/organisateur/animation/quiz/supprimer-categorie/x "HTTP/1.1 303 See Other"
2026-10-08 07:51:53,198 [INFO] httpx: HTTP Request: GET http://testserver/organisateur/animation/quiz "HTTP/1.1 200 OK"
2026-10-08 07:51:53,211 [INFO] httpx: HTTP Request: GET http://testserver/organisateur/animation/defis "HTTP/1.1 200 OK"
2026-10-08 07:51:53,226 [INFO] httpx: HTTP Request: GET http://testserver/organisateur/animation "HTTP/1.1 200 OK"
2026-10-08 07:51:53,237 [INFO] httpx: HTTP Request: GET http://testserver/organisateur/animation/quiz "HTTP/1.1 200 OK"
2026-10-08 07:51:53,246 [INFO] httpx: HTTP Request: GET http://testserver/organisateur/animation/defis "HTTP/1.1 200 OK"
2026-10-08 07:51:53,256 [INFO] httpx: HTTP Request: GET http://testserver/organisateur/animation/mot-aux-maries "HTTP/1.1 200 OK"
2026-10-08 07:51:53,266 [INFO] httpx: HTTP Request: GET http://testserver/organisateur/animation/quiz/superviser "HTTP/1.1 200 OK"
2026-10-08 07:51:53,276 [INFO] httpx: HTTP Request: GET http://testserver/organisateur/animation/defis/invites "HTTP/1.1 200 OK"
2026-10-08 07:51:53,291 [INFO] httpx: HTTP Request: GET http://testserver/organisateur/animation/mot-aux-maries/messages "HTTP/1.1 200 OK"
2026-10-08 07:51:53,304 [INFO] httpx: HTTP Request: GET http://testserver/organisateur/animation/quiz/questions "HTTP/1.1 303 See Other"
2026-10-08 07:51:53,316 [INFO] httpx: HTTP Request: POST http://testserver/organisateur/animation/quiz/ajouter-categorie "HTTP/1.1 303 See Other"
2026-10-08 07:51:53,325 [INFO] httpx: HTTP Request: GET http://testserver/organisateur/animation/defis/ajouter "HTTP/1.1 303 See Other"
2026-10-08 07:51:53,334 [INFO] httpx: HTTP Request: POST http://testserver/organisateur/animation/defis/ajouter "HTTP/1.1 303 See Other"
2026-10-08 07:51:53,344 [INFO] httpx: HTTP Request: POST http://testserver/organisateur/animation/defis/supprimer/x "HTTP/1.1 303 See Other"
2026-10-08 07:51:53,354 [INFO] httpx: HTTP Request: POST http://testserver/organisateur/animation/quiz/supprimer-categorie/x "HTTP/1.1 303 See Other"
2026-10-08 07:51:53,364 [INFO] httpx: HTTP Request: GET http://testserver/organisateur/animation/quiz "HTTP/1.1 200 OK"
2026-10-08 07:51:53,373 [INFO] httpx: HTTP Request: GET http://testserver/organisateur/animation/defis "HTTP/1.1 200 OK"
2026-10-08 07:51:53,384 [INFO] httpx: HTTP Request: GET http://testserver/organisateur/animation "HTTP/1.1 200 OK"
2026-10-08 07:51:53,397 [INFO] httpx: HTTP Request: GET http://testserver/organisateur/animation/quiz "HTTP/1.1 200 OK"
2026-10-08 07:51:53,407 [INFO] httpx: HTTP Request: GET http://testserver/organisateur/animation/defis "HTTP/1.1 200 OK"
2026-10-08 07:51:53,417 [INFO] httpx: HTTP Request: GET http://testserver/organisateur/animation/mot-aux-maries "HTTP/1.1 200 OK"
2026-10-08 07:51:53,427 [INFO] httpx: HTTP Request: GET http://testserver/organisateur/animation/quiz/superviser "HTTP/1.1 200 OK"
2026-10-08 07:51:53,437 [INFO] httpx: HTTP Request: GET http://testserver/organisateur/animation/defis/invites "HTTP/1.1 200 OK"
2026-10-08 07:51:53,447 [INFO] httpx: HTTP Request: GET http://testserver/organisateur/animation/mot-aux-maries/messages "HTTP/1.1 200 OK"
2026-10-08 07:51:53,456 [INFO] httpx: HTTP Request: GET http://testserver/organisateur/animation/quiz/questions "HTTP/1.1 303 See Other"
2026-10-08 07:51:53,466 [INFO] httpx: HTTP Request: POST http://testserver/organisateur/animation/quiz/ajouter-categorie "HTTP/1.1 303 See Other"
2026-10-08 07:51:53,475 [INFO] httpx: HTTP Request: GET http://testserver/organisateur/animation/defis/ajouter "HTTP/1.1 303 See Other"
2026-10-08 07:51:53,484 [INFO] httpx: HTTP Request: POST http://testserver/organisateur/animation/defis/ajouter "HTTP/1.1 303 See Other"
2026-10-08 07:51:53,495 [INFO] httpx: HTTP Request: POST http://testserver/organisateur/animation/defis/supprimer/x "HTTP/1.1 303 See Other"
2026-10-08 07:51:53,505 [INFO] httpx: HTTP Request: POST http://testserver/organisateur/animation/quiz/supprimer-categorie/x "HTTP/1.1 303 See Other"
2026-10-08 07:51:53,515 [INFO] httpx: HTTP Request: GET http://testserver/organisateur/animation/quiz "HTTP/1.1 200 OK"
2026-10-08 07:51:53,531 [INFO] httpx: HTTP Request: GET http://testserver/organisateur/animation/defis "HTTP/1.1 200 OK"
2026-10-08 07:51:53,544 [INFO] httpx: HTTP Request: GET http://testserver/organisateur/animation "HTTP/1.1 303 See Other"
2026-10-08 07:51:53,554 [INFO] httpx: HTTP Request: GET http://testserver/organisateur/animation/quiz "HTTP/1.1 303 See Other"
2026-10-08 07:51:53,563 [INFO] httpx: HTTP Request: GET http://testserver/organisateur/animation/defis "HTTP/1.1 303 See Other"
2026-10-08 07:51:53,572 [INFO] httpx: HTTP Request: GET http://testserver/organisateur/animation/mot-aux-maries "HTTP/1.1 303 See Other"
2026-10-08 07:51:53,581 [INFO] httpx: HTTP Request: GET http://testserver/organisateur/animation/quiz/superviser "HTTP/1.1 303 See Other"
2026-10-08 07:51:53,591 [INFO] httpx: HTTP Request: GET http://testserver/organisateur/animation/defis/invites "HTTP/1.1 303 See Other"
2026-10-08 07:51:53,602 [INFO] httpx: HTTP Request: GET http://testserver/organisateur/animation/mot-aux-maries/messages "HTTP/1.1 303 See Other"
2026-10-08 07:51:53,612 [INFO] httpx: HTTP Request: GET http://testserver/organisateur/animation/quiz/questions "HTTP/1.1 303 See Other"
2026-10-08 07:51:53,622 [INFO] httpx: HTTP Request: POST http://testserver/organisateur/animation/quiz/ajouter-categorie "HTTP/1.1 303 See Other"
2026-10-08 07:51:53,631 [INFO] httpx: HTTP Request: GET http://testserver/organisateur/animation/defis/ajouter "HTTP/1.1 303 See Other"
2026-10-08 07:51:53,640 [INFO] httpx: HTTP Request: POST http://testserver/organisateur/animation/defis/ajouter "HTTP/1.1 303 See Other"
2026-10-08 07:51:53,651 [INFO] httpx: HTTP Request: POST http://testserver/organisateur/animation/defis/supprimer/x "HTTP/1.1 303 See Other"
2026-10-08 07:51:53,665 [INFO] httpx: HTTP Request: POST http://testserver/organisateur/animation/quiz/supprimer-categorie/x "HTTP/1.1 303 See Other"
2026-10-08 07:51:53,674 [INFO] httpx: HTTP Request: GET http://testserver/organisateur/animation "HTTP/1.1 303 See Other"
2026-10-08 07:51:53,683 [INFO] httpx: HTTP Request: GET http://testserver/organisateur/animation/quiz "HTTP/1.1 303 See Other"
2026-10-08 07:51:53,693 [INFO] httpx: HTTP Request: GET http://testserver/organisateur/animation/defis "HTTP/1.1 303 See Other"
2026-10-08 07:51:53,702 [INFO] httpx: HTTP Request: GET http://testserver/organisateur/animation/mot-aux-maries "HTTP/1.1 303 See Other"
2026-10-08 07:51:53,712 [INFO] httpx: HTTP Request: GET http://testserver/organisateur/animation/quiz/superviser "HTTP/1.1 303 See Other"
2026-10-08 07:51:53,722 [INFO] httpx: HTTP Request: GET http://testserver/organisateur/animation/defis/invites "HTTP/1.1 303 See Other"
2026-10-08 07:51:53,735 [INFO] httpx: HTTP Request: GET http://testserver/organisateur/animation/mot-aux-maries/messages "HTTP/1.1 303 See Other"
2026-10-08 07:51:53,744 [INFO] httpx: HTTP Request: GET http://testserver/organisateur/animation/quiz/questions "HTTP/1.1 303 See Other"
2026-10-08 07:51:53,754 [INFO] httpx: HTTP Request: POST http://testserver/organisateur/animation/quiz/ajouter-categorie "HTTP/1.1 303 See Other"
2026-10-08 07:51:53,765 [INFO] httpx: HTTP Request: GET http://testserver/organisateur/animation/defis/ajouter "HTTP/1.1 303 See Other"
2026-10-08 07:51:53,782 [INFO] httpx: HTTP Request: POST http://testserver/organisateur/animation/defis/ajouter "HTTP/1.1 303 See Other"
2026-10-08 07:51:53,793 [INFO] httpx: HTTP Request: POST http://testserver/organisateur/animation/defis/supprimer/x "HTTP/1.1 303 See Other"
2026-10-08 07:51:53,806 [INFO] httpx: HTTP Request: POST http://testserver/organisateur/animation/quiz/supprimer-categorie/x "HTTP/1.1 303 See Other"
2026-10-08 07:51:53,819 [INFO] httpx: HTTP Request: GET http://testserver/organisateur/animation "HTTP/1.1 303 See Other"
2026-10-08 07:51:53,830 [INFO] httpx: HTTP Request: GET http://testserver/organisateur/animation/quiz "HTTP/1.1 303 See Other"
2026-10-08 07:51:53,842 [INFO] httpx: HTTP Request: GET http://testserver/organisateur/animation/defis "HTTP/1.1 303 See Other"
2026-10-08 07:51:53,853 [INFO] httpx: HTTP Request: GET http://testserver/organisateur/animation/mot-aux-maries "HTTP/1.1 303 See Other"
2026-10-08 07:51:53,866 [INFO] httpx: HTTP Request: GET http://testserver/organisateur/animation/quiz/superviser "HTTP/1.1 303 See Other"
2026-10-08 07:51:53,879 [INFO] httpx: HTTP Request: GET http://testserver/organisateur/animation/defis/invites "HTTP/1.1 303 See Other"
2026-10-08 07:51:53,894 [INFO] httpx: HTTP Request: GET http://testserver/organisateur/animation/mot-aux-maries/messages "HTTP/1.1 303 See Other"
2026-10-08 07:51:53,905 [INFO] httpx: HTTP Request: GET http://testserver/organisateur/animation/quiz/questions "HTTP/1.1 303 See Other"
2026-10-08 07:51:53,918 [INFO] httpx: HTTP Request: POST http://testserver/organisateur/animation/quiz/ajouter-categorie "HTTP/1.1 303 See Other"
2026-10-08 07:51:53,931 [INFO] httpx: HTTP Request: GET http://testserver/organisateur/animation/defis/ajouter "HTTP/1.1 303 See Other"
2026-10-08 07:51:53,944 [INFO] httpx: HTTP Request: POST http://testserver/organisateur/animation/defis/ajouter "HTTP/1.1 303 See Other"
2026-10-08 07:51:53,956 [INFO] httpx: HTTP Request: POST http://testserver/organisateur/animation/defis/supprimer/x "HTTP/1.1 303 See Other"
2026-10-08 07:51:53,968 [INFO] httpx: HTTP Request: POST http://testserver/organisateur/animation/quiz/supprimer-categorie/x "HTTP/1.1 303 See Other"
2026-10-08 07:52:48,199 [INFO] httpx: HTTP Request: GET http://testserver/organisateur/scan "HTTP/1.1 303 See Other"
2026-10-08 07:52:48,210 [INFO] httpx: HTTP Request: POST http://testserver/organisateur/scan "HTTP/1.1 303 See Other"
2026-10-08 07:52:48,239 [INFO] httpx: HTTP Request: GET http://testserver/organisateur/scan "HTTP/1.1 200 OK"
2026-10-08 07:52:48,262 [INFO] httpx: HTTP Request: POST http://testserver/organisateur/scan "HTTP/1.1 404 Not Found"
2026-10-08 07:52:48,276 [INFO] httpx: HTTP Request: GET http://testserver/organisateur/scan "HTTP/1.1 200 OK"
2026-10-08 07:52:48,285 [INFO] httpx: HTTP Request: POST http://testserver/organisateur/scan "HTTP/1.1 404 Not Found"
2026-10-08 07:52:48,295 [INFO] httpx: HTTP Request: GET http://testserver/organisateur/scan "HTTP/1.1 303 See Other"
2026-10-08 07:52:48,305 [INFO] httpx: HTTP Request: POST http://testserver/organisateur/scan "HTTP/1.1 403 Forbidden"
2026-10-08 07:52:48,314 [INFO] httpx: HTTP Request: GET http://testserver/organisateur/scan "HTTP/1.1 303 See Other"
2026-10-08 07:52:48,324 [INFO] httpx: HTTP Request: POST http://testserver/organisateur/scan "HTTP/1.1 403 Forbidden"
2026-10-08 07:52:48,335 [INFO] httpx: HTTP Request: GET http://testserver/organisateur/scan "HTTP/1.1 303 See Other"
2026-10-08 07:52:48,348 [INFO] httpx: HTTP Request: POST http://testserver/organisateur/scan "HTTP/1.1 403 Forbidden"
2026-10-08 07:53:01,153 [INFO] httpx: HTTP Request: GET http://testserver/organisateur/animation "HTTP/1.1 303 See Other"
2026-10-08 07:53:01,168 [INFO] httpx: HTTP Request: GET http://testserver/organisateur/animation/quiz "HTTP/1.1 303 See Other"
2026-10-08 07:53:01,179 [INFO] httpx: HTTP Request: GET http://testserver/organisateur/animation/defis "HTTP/1.1 303 See Other"
2026-10-08 07:53:01,194 [INFO] httpx: HTTP Request: GET http://testserver/organisateur/animation/mot-aux-maries "HTTP/1.1 303 See Other"
2026-10-08 07:53:01,204 [INFO] httpx: HTTP Request: GET http://testserver/organisateur/animation/quiz/superviser "HTTP/1.1 303 See Other"
2026-10-08 07:53:01,214 [INFO] httpx: HTTP Request: GET http://testserver/organisateur/animation/defis/invites "HTTP/1.1 303 See Other"
2026-10-08 07:53:01,224 [INFO] httpx: HTTP Request: GET http://testserver/organisateur/animation/mot-aux-maries/messages "HTTP/1.1 303 See Other"
2026-10-08 07:53:01,237 [INFO] httpx: HTTP Request: GET http://testserver/organisateur/animation/quiz/questions "HTTP/1.1 303 See Other"
2026-10-08 07:53:01,249 [INFO] httpx: HTTP Request: POST http://testserver/organisateur/animation/quiz/ajouter-categorie "HTTP/1.1 303 See Other"
2026-10-08 07:53:01,259 [INFO] httpx: HTTP Request: GET http://testserver/organisateur/animation/defis/ajouter "HTTP/1.1 303 See Other"
2026-10-08 07:53:01,268 [INFO] httpx: HTTP Request: POST http://testserver/organisateur/animation/defis/ajouter "HTTP/1.1 303 See Other"
2026-10-08 07:53:01,281 [INFO] httpx: HTTP Request: POST http://testserver/organisateur/animation/defis/supprimer/x "HTTP/1.1 303 See Other"
2026-10-08 07:53:01,294 [INFO] httpx: HTTP Request: POST http://testserver/organisateur/animation/quiz/supprimer-categorie/x "HTTP/1.1 303 See Other"
2026-10-08 07:53:01,316 [INFO] httpx: HTTP Request: GET http://testserver/organisateur/animation/quiz/lancer "HTTP/1.1 200 OK"
2026-10-08 07:53:01,341 [INFO] httpx: HTTP Request: GET http://testserver/organisateur/animation/defis/lancer "HTTP/1.1 200 OK"
2026-10-08 07:53:01,360 [INFO] httpx: HTTP Request: GET http://testserver/organisateur/animation/mot-aux-maries/enregistrer "HTTP/1.1 200 OK"
2026-10-08 07:53:01,376 [INFO] httpx: HTTP Request: GET http://testserver/organisateur/animation "HTTP/1.1 200 OK"
2026-10-08 07:53:01,419 [INFO] httpx: HTTP Request: GET http://testserver/organisateur/animation/quiz "HTTP/1.1 200 OK"
2026-10-08 07:53:01,447 [INFO] httpx: HTTP Request: GET http://testserver/organisateur/animation/defis "HTTP/1.1 200 OK"
2026-10-08 07:53:01,473 [INFO] httpx: HTTP Request: GET http://testserver/organisateur/animation/mot-aux-maries "HTTP/1.1 200 OK"
2026-10-08 07:53:01,525 [INFO] httpx: HTTP Request: GET http://testserver/organisateur/animation/quiz/superviser "HTTP/1.1 200 OK"
2026-10-08 07:53:01,547 [INFO] httpx: HTTP Request: GET http://testserver/organisateur/animation/defis/invites "HTTP/1.1 200 OK"
2026-10-08 07:53:01,563 [INFO] httpx: HTTP Request: GET http://testserver/organisateur/animation/mot-aux-maries/messages "HTTP/1.1 200 OK"
2026-10-08 07:53:01,579 [INFO] httpx: HTTP Request: GET http://testserver/organisateur/animation/quiz/questions "HTTP/1.1 200 OK"
2026-10-08 07:53:01,599 [INFO] httpx: HTTP Request: POST http://testserver/organisateur/animation/quiz/ajouter-categorie "HTTP/1.1 303 See Other"
2026-10-08 07:53:01,611 [INFO] httpx: HTTP Request: GET http://testserver/organisateur/animation/defis/ajouter "HTTP/1.1 200 OK"
2026-10-08 07:53:01,621 [INFO] httpx: HTTP Request: POST http://testserver/organisateur/animation/defis/ajouter "HTTP/1.1 303 See Other"
2026-10-08 07:53:01,637 [INFO] httpx: HTTP Request: POST http://testserver/organisateur/animation/defis/supprimer/x "HTTP/1.1 303 See Other"
2026-10-08 07:53:01,658 [INFO] httpx: HTTP Request: POST http://testserver/organisateur/animation/quiz/supprimer-categorie/x "HTTP/1.1 303 See Other"
2026-10-08 07:53:01,677 [INFO] httpx: HTTP Request: GET http://testserver/organisateur/animation/quiz "HTTP/1.1 200 OK"
2026-10-08 07:53:01,694 [INFO] httpx: HTTP Request: GET http://testserver/organisateur/animation/defis "HTTP/1.1 200 OK"
2026-10-08 07:53:01,709 [INFO] httpx: HTTP Request: GET http://testserver/organisateur/animation "HTTP/1.1 200 OK"
2026-10-08 07:53:01,728 [INFO] httpx: HTTP Request: GET http://testserver/organisateur/animation/quiz "HTTP/1.1 200 OK"
2026-10-08 07:53:01,743 [INFO] httpx: HTTP Request: GET http://testserver/organisateur/animation/defis "HTTP/1.1 200 OK"
2026-10-08 07:53:01,758 [INFO] httpx: HTTP Request: GET http://testserver/organisateur/animation/mot-aux-maries "HTTP/1.1 200 OK"
2026-10-08 07:53:01,771 [INFO] httpx: HTTP Request: GET http://testserver/organisateur/animation/quiz/superviser "HTTP/1.1 200 OK"
2026-10-08 07:53:01,784 [INFO] httpx: HTTP Request: GET http://testserver/organisateur/animation/defis/invites "HTTP/1.1 200 OK"
2026-10-08 07:53:01,799 [INFO] httpx: HTTP Request: GET http://testserver/organisateur/animation/mot-aux-maries/messages "HTTP/1.1 200 OK"
2026-10-08 07:53:01,811 [INFO] httpx: HTTP Request: GET http://testserver/organisateur/animation/quiz/questions "HTTP/1.1 303 See Other"
2026-10-08 07:53:01,825 [INFO] httpx: HTTP Request: POST http://testserver/organisateur/animation/quiz/ajouter-categorie "HTTP/1.1 303 See Other"
2026-10-08 07:53:01,836 [INFO] httpx: HTTP Request: GET http://testserver/organisateur/animation/defis/ajouter "HTTP/1.1 303 See Other"
2026-10-08 07:53:01,849 [INFO] httpx: HTTP Request: POST http://testserver/organisateur/animation/defis/ajouter "HTTP/1.1 303 See Other"
2026-10-08 07:53:01,860 [INFO] httpx: HTTP Request: POST http://testserver/organisateur/animation/defis/supprimer/x "HTTP/1.1 303 See Other"
2026-10-08 07:53:01,871 [INFO] httpx: HTTP Request: POST http://testserver/organisateur/animation/quiz/supprimer-categorie/x "HTTP/1.1 303 See Other"
2026-10-08 07:53:01,882 [INFO] httpx: HTTP Request: GET http://testserver/organisateur/animation/quiz "HTTP/1.1 200 OK"
2026-10-08 07:53:01,893 [INFO] httpx: HTTP Request: GET http://testserver/organisateur/animation/defis "HTTP/1.1 200 OK"
2026-10-08 07:53:01,902 [INFO] httpx: HTTP Request: GET http://testserver/organisateur/animation "HTTP/1.1 200 OK"
2026-10-08 07:53:01,914 [INFO] httpx: HTTP Request: GET http://testserver/organisateur/animation/quiz "HTTP/1.1 200 OK"
2026-10-08 07:53:01,924 [INFO] httpx: HTTP Request: GET http://testserver/organisateur/animation/defis "HTTP/1.1 200 OK"
2026-10-08 07:53:01,934 [INFO] httpx: HTTP Request: GET http://testserver/organisateur/animation/mot-aux-maries "HTTP/1.1 200 OK"
2026-10-08 07:53:01,946 [INFO] httpx: HTTP Request: GET http://testserver/organisateur/animation/quiz/superviser "HTTP/1.1 200 OK"
2026-10-08 07:53:01,956 [INFO] httpx: HTTP Request: GET http://testserver/organisateur/animation/defis/invites "HTTP/1.1 200 OK"
2026-10-08 07:53:01,966 [INFO] httpx: HTTP Request: GET http://testserver/organisateur/animation/mot-aux-maries/messages "HTTP/1.1 200 OK"
2026-10-08 07:53:01,976 [INFO] httpx: HTTP Request: GET http://testserver/organisateur/animation/quiz/questions "HTTP/1.1 303 See Other"
2026-10-08 07:53:01,987 [INFO] httpx: HTTP Request: POST http://testserver/organisateur/animation/quiz/ajouter-categorie "HTTP/1.1 303 See Other"
2026-10-08 07:53:01,996 [INFO] httpx: HTTP Request: GET http://testserver/organisateur/animation/defis/ajouter "HTTP/1.1 303 See Other"
2026-10-08 07:53:02,006 [INFO] httpx: HTTP Request: POST http://testserver/organisateur/animation/defis/ajouter "HTTP/1.1 303 See Other"
2026-10-08 07:53:02,018 [INFO] httpx: HTTP Request: POST http://testserver/organisateur/animation/defis/supprimer/x "HTTP/1.1 303 See Other"
2026-10-08 07:53:02,030 [INFO] httpx: HTTP Request: POST http://testserver/organisateur/animation/quiz/supprimer-categorie/x "HTTP/1.1 303 See Other"
2026-10-08 07:53:02,041 [INFO] httpx: HTTP Request: GET http://testserver/organisateur/animation/quiz "HTTP/1.1 200 OK"
2026-10-08 07:53:02,052 [INFO] httpx: HTTP Request: GET http://testserver/organisateur/animation/defis "HTTP/1.1 200 OK"
2026-10-08 07:53:02,062 [INFO] httpx: HTTP Request: GET http://testserver/organisateur/animation "HTTP/1.1 200 OK"
2026-10-08 07:53:02,075 [INFO] httpx: HTTP Request: GET http://testserver/organisateur/animation/quiz "HTTP/1.1 200 OK"
2026-10-08 07:53:02,085 [INFO] httpx: HTTP Request: GET http://testserver/organisateur/animation/defis "HTTP/1.1 200 OK"
2026-10-08 07:53:02,096 [INFO] httpx: HTTP Request: GET http://testserver/organisateur/animation/mot-aux-maries "HTTP/1.1 200 OK"
2026-10-08 07:53:02,106 [INFO] httpx: HTTP Request: GET http://testserver/organisateur/animation/quiz/superviser "HTTP/1.1 200 OK"
2026-10-08 07:53:02,117 [INFO] httpx: HTTP Request: GET http://testserver/organisateur/animation/defis/invites "HTTP/1.1 200 OK"
2026-10-08 07:53:02,127 [INFO] httpx: HTTP Request: GET http://testserver/organisateur/animation/mot-aux-maries/messages "HTTP/1.1 200 OK"
2026-10-08 07:53:02,138 [INFO] httpx: HTTP Request: GET http://testserver/organisateur/animation/quiz/questions "HTTP/1.1 303 See Other"
2026-10-08 07:53:02,156 [INFO] httpx: HTTP Request: POST http://testserver/organisateur/animation/quiz/ajouter-categorie "HTTP/1.1 303 See Other"
2026-10-08 07:53:02,172 [INFO] httpx: HTTP Request: GET http://testserver/organisateur/animation/defis/ajouter "HTTP/1.1 303 See Other"
2026-10-08 07:53:02,188 [INFO] httpx: HTTP Request: POST http://testserver/organisateur/animation/defis/ajouter "HTTP/1.1 303 See Other"
2026-10-08 07:53:02,202 [INFO] httpx: HTTP Request: POST http://testserver/organisateur/animation/defis/supprimer/x "HTTP/1.1 303 See Other"
2026-10-08 07:53:02,215 [INFO] httpx: HTTP Request: POST http://testserver/organisateur/animation/quiz/supprimer-categorie/x "HTTP/1.1 303 See Other"
2026-10-08 07:53:02,229 [INFO] httpx: HTTP Request: GET http://testserver/organisateur/animation/quiz "HTTP/1.1 200 OK"
2026-10-08 07:53:02,245 [INFO] httpx: HTTP Request: GET http://testserver/organisateur/animation/defis "HTTP/1.1 200 OK"
2026-10-08 07:53:02,261 [INFO] httpx: HTTP Request: GET http://testserver/organisateur/animation "HTTP/1.1 303 See Other"
2026-10-08 07:53:02,275 [INFO] httpx: HTTP Request: GET http://testserver/organisateur/animation/quiz "HTTP/1.1 303 See Other"
2026-10-08 07:53:02,288 [INFO] httpx: HTTP Request: GET http://testserver/organisateur/animation/defis "HTTP/1.1 303 See Other"
2026-10-08 07:53:02,302 [INFO] httpx: HTTP Request: GET http://testserver/organisateur/animation/mot-aux-maries "HTTP/1.1 303 See Other"
2026-10-08 07:53:02,315 [INFO] httpx: HTTP Request: GET http://testserver/organisateur/animation/quiz/superviser "HTTP/1.1 303 See Other"
2026-10-08 07:53:02,329 [INFO] httpx: HTTP Request: GET http://testserver/organisateur/animation/defis/invites "HTTP/1.1 303 See Other"
2026-10-08 07:53:02,342 [INFO] httpx: HTTP Request: GET http://testserver/organisateur/animation/mot-aux-maries/messages "HTTP/1.1 303 See Other"
2026-10-08 07:53:02,353 [INFO] httpx: HTTP Request: GET http://testserver/organisateur/animation/quiz/questions "HTTP/1.1 303 See Other"
2026-10-08 07:53:02,370 [INFO] httpx: HTTP Request: POST http://testserver/organisateur/animation/quiz/ajouter-categorie "HTTP/1.1 303 See Other"
2026-10-08 07:53:02,382 [INFO] httpx: HTTP Request: GET http://testserver/organisateur/animation/defis/ajouter "HTTP/1.1 303 See Other"
2026-10-08 07:53:02,394 [INFO] httpx: HTTP Request: POST http://testserver/organisateur/animation/defis/ajouter "HTTP/1.1 303 See Other"
2026-10-08 07:53:02,406 [INFO] httpx: HTTP Request: POST http://testserver/organisateur/animation/defis/supprimer/x "HTTP/1.1 303 See Other"
2026-10-08 07:53:02,417 [INFO] httpx: HTTP Request: POST http://testserver/organisateur/animation/quiz/supprimer-categorie/x "HTTP/1.1 303 See Other"
2026-10-08 07:53:02,435 [INFO] httpx: HTTP Request: GET http://testserver/organisateur/animation "HTTP/1.1 303 See Other"
2026-10-08 07:53:02,453 [INFO] httpx: HTTP Request: GET http://testserver/organisateur/animation/quiz "HTTP/1.1 303 See Other"
2026-10-08 07:53:02,470 [INFO] httpx: HTTP Request: GET http://testserver/organisateur/animation/defis "HTTP/1.1 303 See Other"
2026-10-08 07:53:02,486 [INFO] httpx: HTTP Request: GET http://testserver/organisateur/animation/mot-aux-maries "HTTP/1.1 303 See Other"
2026-10-08 07:53:02,498 [INFO] httpx: HTTP Request: GET http://testserver/organisateur/animation/quiz/superviser "HTTP/1.1 303 See Other"
2026-10-08 07:53:02,510 [INFO] httpx: HTTP Request: GET http://testserver/organisateur/animation/defis/invites "HTTP/1.1 303 See Other"
2026-10-08 07:53:02,529 [INFO] httpx: HTTP Request: GET http://testserver/organisateur/animation/mot-aux-maries/messages "HTTP/1.1 303 See Other"
2026-10-08 07:53:02,547 [INFO] httpx: HTTP Request: GET http://testserver/organisateur/animation/quiz/questions "HTTP/1.1 303 See Other"
2026-10-08 07:53:02,563 [INFO] httpx: HTTP Request: POST http://testserver/organisateur/animation/quiz/ajouter-categorie "HTTP/1.1 303 See Other"
2026-10-08 07:53:02,575 [INFO] httpx: HTTP Request: GET http://testserver/organisateur/animation/defis/ajouter "HTTP/1.1 303 See Other"
2026-10-08 07:53:02,589 [INFO] httpx: HTTP Request: POST http://testserver/organisateur/animation/defis/ajouter "HTTP/1.1 303 See Other"
2026-10-08 07:53:02,601 [INFO] httpx: HTTP Request: POST http://testserver/organisateur/animation/defis/supprimer/x "HTTP/1.1 303 See Other"
2026-10-08 07:53:02,611 [INFO] httpx: HTTP Request: POST http://testserver/organisateur/animation/quiz/supprimer-categorie/x "HTTP/1.1 303 See Other"
2026-10-08 07:53:02,622 [INFO] httpx: HTTP Request: GET http://testserver/organisateur/animation "HTTP/1.1 303 See Other"
2026-10-08 07:53:02,632 [INFO] httpx: HTTP Request: GET http://testserver/organisateur/animation/quiz "HTTP/1.1 303 See Other"
2026-10-08 07:53:02,642 [INFO] httpx: HTTP Request: GET http://testserver/organisateur/animation/defis "HTTP/1.1 303 See Other"
2026-10-08 07:53:02,653 [INFO] httpx: HTTP Request: GET http://testserver/organisateur/animation/mot-aux-maries "HTTP/1.1 303 See Other"
2026-10-08 07:53:02,663 [INFO] httpx: HTTP Request: GET http://testserver/organisateur/animation/quiz/superviser "HTTP/1.1 303 See Other"
2026-10-08 07:53:02,673 [INFO] httpx: HTTP Request: GET http://testserver/organisateur/animation/defis/invites "HTTP/1.1 303 See Other"
2026-10-08 07:53:02,683 [INFO] httpx: HTTP Request: GET http://testserver/organisateur/animation/mot-aux-maries/messages "HTTP/1.1 303 See Other"
2026-10-08 07:53:02,695 [INFO] httpx: HTTP Request: GET http://testserver/organisateur/animation/quiz/questions "HTTP/1.1 303 See Other"
2026-10-08 07:53:02,709 [INFO] httpx: HTTP Request: POST http://testserver/organisateur/animation/quiz/ajouter-categorie "HTTP/1.1 303 See Other"
2026-10-08 07:53:02,721 [INFO] httpx: HTTP Request: GET http://testserver/organisateur/animation/defis/ajouter "HTTP/1.1 303 See Other"
2026-10-08 07:53:02,732 [INFO] httpx: HTTP Request: POST http://testserver/organisateur/animation/defis/ajouter "HTTP/1.1 303 See Other"
2026-10-08 07:53:02,744 [INFO] httpx: HTTP Request: POST http://testserver/organisateur/animation/defis/supprimer/x "HTTP/1.1 303 See Other"
2026-10-08 07:53:02,759 [INFO] httpx: HTTP Request: POST http://testserver/organisateur/animation/quiz/supprimer-categorie/x "HTTP/1.1 303 See Other"
2026-10-08 07:53:11,333 [INFO] httpx: HTTP Request: GET http://testserver/organisateur/animation/quiz "HTTP/1.1 200 OK"
2026-10-08 07:53:11,361 [INFO] httpx: HTTP Request: GET http://testserver/organisateur/animation/quiz/lancer "HTTP/1.1 200 OK"
2026-10-08 07:53:11,385 [INFO] httpx: HTTP Request: POST http://testserver/organisateur/animation/quiz/lancer "HTTP/1.1 404 Not Found"
2026-10-08 07:53:11,416 [INFO] httpx: HTTP Request: POST http://testserver/organisateur/animation/quiz/lancer "HTTP/1.1 303 See Other"
2026-10-08 07:53:11,437 [INFO] httpx: HTTP Request: GET http://testserver/organisateur/animation/quiz/jouer/awa-k-ab12 "HTTP/1.1 200 OK"
2026-10-08 07:53:11,456 [INFO] httpx: HTTP Request: GET http://testserver/organisateur/animation/quiz/etat/awa-k-ab12 "HTTP/1.1 200 OK"
2026-10-08 07:53:11,589 [INFO] httpx: HTTP Request: GET http://testserver/organisateur/animation/quiz/superviser "HTTP/1.1 200 OK"
2026-10-08 07:53:11,837 [INFO] httpx: HTTP Request: POST http://testserver/organisateur/animation/quiz/repondre/awa-k-ab12 "HTTP/1.1 409 Conflict"
2026-10-08 07:53:11,907 [INFO] httpx: HTTP Request: POST http://testserver/organisateur/animation/quiz/superviser/demarrer "HTTP/1.1 303 See Other"
2026-10-08 07:53:11,917 [INFO] httpx: HTTP Request: GET http://testserver/organisateur/animation/quiz/etat/awa-k-ab12 "HTTP/1.1 200 OK"
2026-10-08 07:53:11,930 [INFO] httpx: HTTP Request: POST http://testserver/organisateur/animation/quiz/repondre/awa-k-ab12 "HTTP/1.1 200 OK"
2026-10-08 07:53:11,943 [INFO] httpx: HTTP Request: POST http://testserver/organisateur/animation/quiz/repondre/awa-k-ab12 "HTTP/1.1 409 Conflict"
2026-10-08 07:53:11,959 [INFO] httpx: HTTP Request: POST http://testserver/organisateur/animation/quiz/repondre/bob-l-cd34 "HTTP/1.1 200 OK"
2026-10-08 07:53:11,981 [INFO] httpx: HTTP Request: POST http://testserver/organisateur/animation/quiz/repondre/nobody "HTTP/1.1 404 Not Found"
2026-10-08 07:53:11,995 [INFO] httpx: HTTP Request: GET http://testserver/organisateur/animation/quiz/etat/awa-k-ab12 "HTTP/1.1 200 OK"
2026-10-08 07:53:12,008 [INFO] httpx: HTTP Request: GET http://testserver/organisateur/animation/quiz/superviser/etat "HTTP/1.1 200 OK"
2026-10-08 07:53:12,025 [INFO] httpx: HTTP Request: GET http://testserver/organisateur/animation/quiz/superviser "HTTP/1.1 200 OK"
2026-10-08 07:53:12,041 [INFO] httpx: HTTP Request: POST http://testserver/organisateur/animation/quiz/superviser/reveler "HTTP/1.1 303 See Other"
2026-10-08 07:53:12,053 [INFO] httpx: HTTP Request: GET http://testserver/organisateur/animation/quiz/etat/awa-k-ab12 "HTTP/1.1 200 OK"
2026-10-08 07:53:12,065 [INFO] httpx: HTTP Request: GET http://testserver/organisateur/animation/quiz/superviser/etat "HTTP/1.1 200 OK"
2026-10-08 07:53:12,079 [INFO] httpx: HTTP Request: GET http://testserver/organisateur/animation/quiz/superviser "HTTP/1.1 200 OK"
2026-10-08 07:53:12,093 [INFO] httpx: HTTP Request: POST http://testserver/organisateur/animation/quiz/superviser/suivante "HTTP/1.1 303 See Other"
2026-10-08 07:53:12,108 [INFO] httpx: HTTP Request: GET http://testserver/organisateur/animation/quiz/etat/bob-l-cd34 "HTTP/1.1 200 OK"
2026-10-08 07:53:12,122 [INFO] httpx: HTTP Request: POST http://testserver/organisateur/animation/quiz/repondre/bob-l-cd34 "HTTP/1.1 409 Conflict"
2026-10-08 07:53:12,136 [INFO] httpx: HTTP Request: POST http://testserver/organisateur/animation/quiz/repondre/bob-l-cd34 "HTTP/1.1 200 OK"
2026-10-08 07:53:12,149 [INFO] httpx: HTTP Request: POST http://testserver/organisateur/animation/quiz/superviser/reveler "HTTP/1.1 303 See Other"
2026-10-08 07:53:12,162 [INFO] httpx: HTTP Request: GET http://testserver/organisateur/animation/quiz/superviser "HTTP/1.1 200 OK"
2026-10-08 07:53:12,175 [INFO] httpx: HTTP Request: POST http://testserver/organisateur/animation/quiz/superviser/suivante "HTTP/1.1 303 See Other"
2026-10-08 07:53:12,190 [INFO] httpx: HTTP Request: GET http://testserver/organisateur/animation/quiz/etat/awa-k-ab12 "HTTP/1.1 200 OK"
2026-10-08 07:53:12,208 [INFO] httpx: HTTP Request: GET http://testserver/organisateur/animation/quiz/etat/bob-l-cd34 "HTTP/1.1 200 OK"
2026-10-08 07:53:12,235 [INFO] httpx: HTTP Request: GET http://testserver/organisateur/animation/quiz/superviser "HTTP/1.1 200 OK"
2026-10-08 07:53:12,256 [INFO] httpx: HTTP Request: POST http://testserver/organisateur/animation/quiz/superviser/reinitialiser "HTTP/1.1 303 See Other"
2026-10-08 07:53:12,276 [INFO] httpx: HTTP Request: GET http://testserver/organisateur/animation/quiz/etat/awa-k-ab12 "HTTP/1.1 200 OK"
2026-10-08 07:53:23,368 [INFO] httpx: HTTP Request: GET http://testserver/organisateur/animation/defis/invites "HTTP/1.1 303 See Other"
2026-10-08 07:53:23,410 [INFO] httpx: HTTP Request: GET http://testserver/organisateur/animation/defis "HTTP/1.1 200 OK"
2026-10-08 07:53:23,436 [INFO] httpx: HTTP Request: GET http://testserver/organisateur/animation/defis/lancer "HTTP/1.1 200 OK"
2026-10-08 07:53:23,451 [INFO] httpx: HTTP Request: POST http://testserver/organisateur/animation/defis/lancer "HTTP/1.1 404 Not Found"
2026-10-08 07:53:23,464 [INFO] httpx: HTTP Request: POST http://testserver/organisateur/animation/defis/lancer "HTTP/1.1 303 See Other"
2026-10-08 07:53:23,480 [INFO] httpx: HTTP Request: GET http://testserver/organisateur/animation/defis/jouer/awa-ab12 "HTTP/1.1 200 OK"
2026-10-08 07:53:23,493 [INFO] httpx: HTTP Request: POST http://testserver/organisateur/animation/defis/jouer/awa-ab12 "HTTP/1.1 200 OK"
2026-10-08 07:53:23,505 [INFO] httpx: HTTP Request: POST http://testserver/organisateur/animation/defis/jouer/awa-ab12 "HTTP/1.1 200 OK"
2026-10-08 07:53:23,517 [INFO] httpx: HTTP Request: GET http://testserver/organisateur/animation/defis/jouer/awa-ab12 "HTTP/1.1 200 OK"
2026-10-08 07:53:23,528 [INFO] httpx: HTTP Request: POST http://testserver/organisateur/animation/defis/jouer/bob-cd34 "HTTP/1.1 200 OK"
2026-10-08 07:53:23,550 [INFO] httpx: HTTP Request: GET http://testserver/organisateur/animation/defis/invites "HTTP/1.1 200 OK"
2026-10-08 07:53:23,565 [INFO] httpx: HTTP Request: POST http://testserver/organisateur/animation/defis/invites/reinitialiser/awa-ab12 "HTTP/1.1 303 See Other"
2026-10-08 07:53:23,579 [INFO] httpx: HTTP Request: GET http://testserver/organisateur/animation/defis/invites "HTTP/1.1 200 OK"
2026-10-08 07:53:23,591 [INFO] httpx: HTTP Request: GET http://testserver/organisateur/animation/defis/jouer/awa-ab12 "HTTP/1.1 200 OK"
2026-10-08 07:53:23,606 [INFO] httpx: HTTP Request: GET http://testserver/organisateur/animation/defis/invites "HTTP/1.1 200 OK"
2026-10-08 07:53:23,623 [INFO] httpx: HTTP Request: POST http://testserver/organisateur/animation/defis/invites/reinitialiser "HTTP/1.1 303 See Other"
2026-10-08 07:53:23,642 [INFO] httpx: HTTP Request: GET http://testserver/organisateur/animation/defis/invites "HTTP/1.1 200 OK"
2026-10-08 07:53:23,655 [INFO] httpx: HTTP Request: GET http://testserver/organisateur/animation/defis/invites "HTTP/1.1 200 OK"
2026-10-08 07:53:34,079 [INFO] httpx: HTTP Request: GET http://testserver/organisateur/animation/mot-aux-maries "HTTP/1.1 200 OK"
2026-10-08 07:53:34,102 [INFO] httpx: HTTP Request: GET http://testserver/organisateur/animation/mot-aux-maries/enregistrer "HTTP/1.1 200 OK"
2026-10-08 07:53:34,115 [INFO] httpx: HTTP Request: POST http://testserver/organisateur/animation/mot-aux-maries/enregistrer "HTTP/1.1 303 See Other"
2026-10-08 07:53:34,129 [INFO] httpx: HTTP Request: GET http://testserver/organisateur/animation/mot-aux-maries/enregistrer/kone-awa-ab12 "HTTP/1.1 200 OK"
2026-10-08 07:53:34,143 [INFO] httpx: HTTP Request: GET http://testserver/organisateur/animation/mot-aux-maries/messages "HTTP/1.1 200 OK"
2026-10-08 07:53:36,751 [ERROR] app.routers.organizers: Un mot aux mariés : envoi vers B2 impossible, vidéo gardée dans C:\Users\YANN-H~1\AppData\Local\Temp\claude\c--Users-Yann-Harold-NGUESSAN-Documents-wed-organizer\f1783202-de6a-4340-bca9-320655a19467\scratchpad\videos_v2\awa-kone\original.mp4 : B2 n'est pas configuré
2026-10-08 07:53:36,758 [INFO] httpx: HTTP Request: POST http://testserver/organisateur/animation/mot-aux-maries/enregistrer/kone-awa-ab12 "HTTP/1.1 200 OK"
2026-10-08 07:53:39,197 [INFO] httpx: HTTP Request: POST http://testserver/organisateur/animation/mot-aux-maries/enregistrer/kone-awa-ab12 "HTTP/1.1 200 OK"
2026-10-08 07:53:41,930 [INFO] httpx: HTTP Request: POST http://testserver/organisateur/animation/mot-aux-maries/enregistrer/le-bob-cd34 "HTTP/1.1 200 OK"
2026-10-08 07:53:41,943 [INFO] httpx: HTTP Request: GET http://testserver/organisateur/animation/mot-aux-maries/messages "HTTP/1.1 200 OK"
2026-10-08 07:54:08,002 [INFO] httpx: HTTP Request: POST http://testserver/organisateur/animation/mot-aux-maries/messages/assembler "HTTP/1.1 303 See Other"
2026-10-08 07:54:08,017 [INFO] httpx: HTTP Request: GET http://testserver/organisateur/animation/mot-aux-maries/messages "HTTP/1.1 200 OK"
2026-10-08 07:54:08,026 [INFO] httpx: HTTP Request: GET http://testserver/organisateur/animation/mot-aux-maries/messages "HTTP/1.1 200 OK"
2026-10-08 07:54:08,231 [INFO] httpx: HTTP Request: POST http://testserver/organisateur/animation/mot-aux-maries/messages/supprimer/bob-le "HTTP/1.1 303 See Other"
2026-10-08 07:54:08,246 [INFO] httpx: HTTP Request: GET http://testserver/organisateur/animation/mot-aux-maries/messages "HTTP/1.1 200 OK"
2026-10-08 07:54:08,261 [INFO] httpx: HTTP Request: GET http://testserver/organisateur/animation/mot-aux-maries/messages "HTTP/1.1 200 OK"
2026-10-08 07:57:31,027 [INFO] httpx: HTTP Request: GET http://testserver/invite/kone-awa-ab12 "HTTP/1.1 200 OK"
2026-10-08 07:57:31,043 [INFO] httpx: HTTP Request: GET http://testserver/invite/kone-awa-ab12 "HTTP/1.1 200 OK"
2026-10-08 07:57:31,054 [INFO] httpx: HTTP Request: GET http://testserver/invite/kone-awa-ab12 "HTTP/1.1 200 OK"
2026-10-08 07:57:31,064 [INFO] httpx: HTTP Request: GET http://testserver/invite/kone-awa-ab12 "HTTP/1.1 200 OK"
